,delta_time_ms,delta_time_s,head_pos_x,head_pos_y,head_pos_z,head_rot_w,head_rot_x,head_rot_y,head_rot_z,left_hand_pos_x,left_hand_pos_y,left_hand_pos_z,left_hand_rot_w,left_hand_rot_x,left_hand_rot_y,left_hand_rot_z,right_hand_pos_x,right_hand_pos_y,right_hand_pos_z,right_hand_rot_w,right_hand_rot_x,right_hand_rot_y,right_hand_rot_z
0,0.0,1.3054999999999382,-5.5035,151.0925,-266.7964,-0.995574,-0.01677432,0.08934025,0.02386285,-13.83394,135.7684,-303.4067,0.8361481,0.5041436,-0.1176259,0.1812724,16.933980000000002,98.31395,-281.7971,0.9029807,0.06835844,-0.1519591,-0.3960574
1,14.400000000023283,1.3198999999999614,-5.43021,151.1044,-266.6791,-0.9950277,-0.01648319,0.09514999,0.02438566,-13.81273,135.8063,-303.3616,0.8359541,0.5037388,-0.1180859,0.1829855,17.6289,98.58063,-283.3541,0.9100192,0.08803341,-0.1643629,-0.3702703
2,37.299999999959255,1.3427999999998974,-5.397129,151.1057,-266.6261,-0.9947624,-0.01688721,0.09796697,0.02377353,-13.77428,135.8733,-303.2698,0.8352096,0.5034406,-0.1194054,0.1863197,18.89766,99.06754,-286.1968,0.9198387,0.1233054,-0.1862529,-0.3224939
3,51.199999999994134,1.3566999999999323,-5.365884,151.1058,-266.5741,-0.9945065,-0.01686402,0.1005627,0.02365864,-13.812079999999998,135.84130000000002,-303.17400000000004,0.8352205,0.5052881,-0.1157261,0.1835708,18.73773,103.6335,-286.8652,0.9113611,0.1833315,-0.1572881,-0.3332731
4,65.00000000005457,1.3704999999999927,-5.335283,151.1204,-266.5187,-0.9942752,-0.01677848,0.102876,0.02349313,-13.84486,135.8114,-303.0809,0.8351279,0.5070605,-0.1124389,0.1811311,18.60607,107.8696,-287.5229,0.9000548,0.2386795,-0.1304726,-0.3404563
5,79.70000000000255,1.3851999999999407,-5.3059460000000005,151.1323,-266.47020000000003,-0.9940687,-0.01726552,0.1048092,0.02333193,-13.8352,135.8022,-303.0181,0.8356794,0.5098807,-0.1052967,0.1748553,17.99324,111.9843,-288.04470000000003,0.883387,0.3055258,-0.09635803,-0.3420478
6,94.600000000014,1.4000999999999522,-5.277514,151.1436,-266.427,-0.993876,-0.01803939,0.10649,0.0233422,-13.76548,135.8175,-302.9787,0.8357897,0.5118588,-0.09963447,0.1718405,17.89819,114.6465,-289.071,0.868176,0.35188,-0.07651401,-0.3414622
7,108.69999999999891,1.414199999999937,-5.247927,151.1626,-266.3764,-0.9937012,-0.01865234,0.1079862,0.02342858,-13.69882,135.8314,-302.9379,0.8358071,0.5137689,-0.09433463,0.1690236,17.816489999999998,117.2128,-290.0697,0.851495,0.395691,-0.05760521,-0.3392149
8,122.79999999998381,1.428299999999922,-5.21692,151.183,-266.3312,-0.9935101,-0.01973669,0.1095978,0.02316114,-13.70077,135.8745,-302.94530000000003,0.8375672,0.5136837,-0.08754641,0.1641524,17.84421,119.8099,-290.81,0.8327062,0.4377156,-0.03832033,-0.3369525
9,136.8999999999687,1.4423999999999069,-5.196011,151.19469999999998,-266.29040000000003,-0.99333,-0.02084856,0.1110869,0.02281456,-13.75941,135.8889,-302.8954,0.8391499,0.5112174,-0.08712006,0.1639951,17.95985,121.537,-291.5786,0.8175159,0.4670558,-0.02793947,-0.3357767
10,150.80000000000382,1.456299999999942,-5.1779150000000005,151.2004,-266.25640000000004,-0.9931803,-0.02216813,0.1121366,0.02295077,-13.78037,135.9219,-302.8252,0.8388572,0.510333,-0.08904549,0.1671814,17.972640000000002,123.5041,-292.31120000000004,0.7982464,0.5069305,-0.01503217,-0.3249584
11,164.70000000003893,1.470199999999977,-5.172324,151.2159,-266.2221,-0.9930512,-0.02287629,0.1130873,0.02318109,-13.79831,135.9534,-302.7559,0.838546,0.5095738,-0.09073722,0.1701235,17.987000000000002,125.4555,-293.0434,0.7775973,0.5450423,-0.002291262,-0.3134744
12,179.2000000000371,1.4846999999999753,-5.162084,151.2484,-266.1582,-0.9928212,-0.02432803,0.1148071,0.02309952,-13.80419,135.91,-302.5942,0.8376194,0.5097618,-0.09403089,0.1723216,17.90916,127.0539,-293.4144,0.7576543,0.5823843,0.01017216,-0.2944232
13,193.99999999995975,1.499499999999898,-5.162227,151.255,-266.1199,-0.9927742,-0.02484163,0.1151398,0.02291308,-13.87186,136.0054,-302.3414,0.8366468,0.5096074,-0.09798935,0.1752726,18.24225,129.9016,-295.4468,0.710006,0.6569703,0.03626493,-0.2509311
14,217.20000000004802,1.5226999999999862,-5.157256,151.2547,-266.0757,-0.9927968,-0.02496229,0.1150441,0.02227911,-13.90351,136.0516,-302.2181,0.8361588,0.5095549,-0.09984019,0.1767036,18.40259,131.3417,-296.4497,0.6835958,0.6913695,0.04907107,-0.2286852
15,232.20000000003415,1.5376999999999723,-5.151081,151.2542,-266.03970000000004,-0.9927914,-0.02486302,0.1153009,0.02127714,-13.83561,136.0851,-302.1685,0.8351833,0.5119149,-0.0985491,0.1752142,17.91061,132.57840000000002,-296.63210000000004,0.6843306,0.6962333,0.03256381,-0.2142208
16,247.60000000003402,1.5530999999999722,-5.1487680000000005,151.2489,-266.0084,-0.9927712,-0.02461086,0.1157069,0.02028564,-13.77225,136.1192,-302.1174,0.8342244,0.5141577,-0.09732127,0.1738968,17.46799,133.8429,-296.8865,0.6823227,0.7031329,0.01845673,-0.1992465
17,260.80000000001746,1.5662999999999556,-5.160201,151.255,-265.9826,-0.9927487,-0.02448703,0.1159569,0.02011112,-13.78474,136.0662,-302.0024,0.8349011,0.5142664,-0.09690192,0.1705296,17.12932,134.7076,-296.83160000000004,0.6921534,0.6969172,0.007309794,-0.1875546
18,274.90000000000214,1.5803999999999403,-5.181134,151.2734,-265.9594,-0.9927304,-0.02449865,0.1160744,0.02032052,-13.80401,136.0512,-301.9272,0.835566,0.5130756,-0.09757522,0.1704754,16.95545,135.7225,-297.2436,0.7140682,0.6758045,-0.009438813,-0.1824986
19,289.40000000000055,1.5948999999999387,-5.1999450000000005,151.2959,-265.942,-0.9927304,-0.02497815,0.1159546,0.02042374,-13.82101,136.0395,-301.8525,0.8361408,0.5120391,-0.09816343,0.170436,16.79401,136.7679,-297.6876,0.7323945,0.6571735,-0.02464151,-0.1763921
20,302.59999999998377,1.608099999999922,-5.219555,151.3123,-265.9229,-0.992727,-0.0255371,0.1158821,0.02030403,-13.86337,135.9766,-301.7996,0.8366035,0.5090952,-0.1019257,0.1747222,17.19934,137.3322,-298.6917,0.7626848,0.6248873,-0.04394138,-0.160925
21,315.69999999999254,1.6211999999999307,-5.237532,151.3214,-265.91360000000003,-0.9927441,-0.02601754,0.1156822,0.01999923,-13.84203,136.0326,-301.7815,0.8374764,0.5086563,-0.1004702,0.1726495,18.09267,137.6733,-300.10560000000004,0.8058653,0.5733074,-0.05217296,-0.1384838
22,329.1000000000395,1.6345999999999776,-5.2663210000000005,151.3183,-265.9041,-0.9927338,-0.02628157,0.115707,0.02001685,-13.85702,136.0745,-301.7515,0.8382936,0.5063559,-0.1007674,0.1752529,18.91,137.7473,-300.8408,0.8461367,0.5184991,-0.04419887,-0.1151426
23,342.7000000000362,1.6481999999999744,-5.30653,151.3117,-265.8998,-0.9926961,-0.02654294,0.1158317,0.02081145,-13.87103,136.1152,-301.7195,0.8390448,0.5041945,-0.1010417,0.1777138,19.68313,137.8859,-301.57660000000004,0.8798609,0.4648443,-0.03661099,-0.09178416
24,355.99999999999454,1.6614999999999327,-5.351555,151.30159999999998,-265.90340000000003,-0.9926479,-0.02680787,0.1159697,0.02196749,-13.91165,136.1655,-301.69480000000004,0.8394288,0.5050676,-0.09990606,0.1740258,19.758,138.3334,-302.1618,0.9166639,0.3862495,-0.05141923,-0.08885133
25,369.80000000005475,1.675299999999993,-5.395818,151.3084,-265.9116,-0.9926276,-0.02693252,0.1160655,0.0222225,-13.97394,136.1486,-301.64390000000003,0.8390405,0.5053316,-0.1024258,0.1736663,19.80665,138.4657,-302.4181,0.9383382,0.3232813,-0.0710043,-0.09984516
26,383.6000000000013,1.6890999999999394,-5.438805,151.3365,-265.9241,-0.9926339,-0.02719875,0.1160738,0.02156302,-14.03304,136.1341,-301.5929,0.8386846,0.5055323,-0.1047949,0.1733878,19.86949,138.63510000000002,-302.7008,0.9549738,0.2613773,-0.08896735,-0.1085903
27,397.6999999999862,1.7031999999999243,-5.480981,151.3744,-265.9404,-0.9926616,-0.02811068,0.115881,0.02010796,-14.07471,136.165,-301.58230000000003,0.8378028,0.5075964,-0.1059421,0.1709053,19.82231,138.8989,-302.8629,0.9590158,0.2362855,-0.1028578,-0.1178045
28,414.09999999996217,1.7195999999999003,-5.520093,151.38469999999998,-265.9585,-0.992699,-0.02951488,0.1155401,0.01811362,-14.12303,136.1745,-301.5489,0.8377138,0.5073619,-0.1078013,0.1708757,19.66735,139.1583,-302.867,0.9566077,0.2402483,-0.1103294,-0.1225152
29,427.6999999999589,1.733199999999897,-5.562377000000001,151.3588,-265.9644,-0.9927604,-0.02991462,0.1150926,0.01690413,-14.17015,136.184,-301.51460000000003,0.8376251,0.5071231,-0.109605,0.1708713,19.5328,139.4337,-302.902,0.9548812,0.2415563,-0.1177142,-0.1264749
30,440.50000000004275,1.745999999999981,-5.601275,151.3177,-265.96860000000004,-0.992828,-0.02950134,0.1147477,0.01598036,-14.21233,136.2009,-301.5298,0.8380082,0.5066099,-0.1112588,0.1694407,19.19726,139.53629999999998,-302.3586,0.9448701,0.2765551,-0.118588,-0.1291306
31,453.89999999997576,1.759399999999914,-5.6397200000000005,151.2826,-265.9723,-0.9929275,-0.02830944,0.1142826,0.0152672,-14.25782,136.1927,-301.5168,0.8373315,0.507519,-0.1125578,0.1692078,18.91336,139.4114,-301.576,0.9297615,0.3267732,-0.1133648,-0.1261395
32,467.6000000000615,1.7730999999999997,-5.674803,151.2766,-265.9818,-0.9930364,-0.02711358,0.113702,0.01467446,-14.30275,136.1857,-301.50190000000003,0.8366941,0.5083483,-0.1138582,0.1690004,18.64979,139.3193,-300.8593,0.9137846,0.3716045,-0.1086521,-0.1228921
33,481.200000000058,1.7866999999999962,-5.702138000000001,151.2872,-265.9927,-0.9931328,-0.02686503,0.1130187,0.01386909,-14.3351,136.2398,-301.5732,0.8375034,0.50753,-0.113103,0.1679553,18.38814,138.9383,-300.1905,0.8887933,0.4266407,-0.09423909,-0.1383581
34,495.4000000000178,1.800899999999956,-5.729437,151.3069,-266.0084,-0.9932098,-0.02752367,0.1122546,0.01324931,-14.34206,136.1996,-301.5584,0.8377123,0.5068769,-0.1114096,0.1700053,17.88283,138.5447,-299.5139,0.8624648,0.4729631,-0.08880582,-0.1567608
35,509.40000000002783,1.814899999999966,-5.754316,151.31920000000002,-266.0249,-0.993291,-0.02816999,0.111458,0.01252303,-14.35105,136.1622,-301.5427,0.8378861,0.5062724,-0.1099154,0.1719121,17.404320000000002,138.1882,-298.8728,0.8351659,0.5152403,-0.08359548,-0.1733126
36,522.2999999999729,1.827799999999911,-5.7800530000000006,151.3171,-266.0401,-0.993367,-0.02866706,0.1107054,0.01202382,-14.33775,136.1597,-301.57250000000005,0.8394748,0.5044632,-0.1077633,0.1708388,17.21143,137.67780000000002,-298.4917,0.8069063,0.5540013,-0.0767594,-0.189981
37,536.0000000000582,1.8414999999999964,-5.803764,151.30360000000002,-266.0504,-0.9934404,-0.02865844,0.1100815,0.01170943,-14.39497,136.1413,-301.5573,0.8389895,0.5049707,-0.1089611,0.170964,17.06077,137.2528,-298.0954,0.787307,0.578849,-0.07016638,-0.2003952
38,550.1000000000431,1.8555999999999813,-5.813742,151.2866,-266.0566,-0.9935319,-0.02848116,0.1093542,0.01116988,-14.43106,136.18300000000002,-301.559,0.8376247,0.5068189,-0.1103149,0.1713188,16.83915,136.7439,-297.7678,0.767748,0.6032267,-0.07042605,-0.2042568
39,563.9999999999648,1.869499999999903,-5.816555,151.2748,-266.0645,-0.9936157,-0.02761947,0.1089257,0.0100087,-14.46661,136.2218,-301.5594,0.8363371,0.5085377,-0.1115922,0.171688,16.61719,136.2614,-297.44100000000003,0.7476638,0.6267138,-0.07050884,-0.2079839
40,577.5999999999619,1.8830999999999,-5.816948,151.2837,-266.0646,-0.9936839,-0.02684551,0.1085875,0.00897184,-14.49769,136.2288,-301.5243,0.8341985,0.5108236,-0.1154735,0.1727369,16.62002,135.673,-297.3321,0.7329995,0.6453275,-0.06721646,-0.2043187
41,592.6000000000618,1.8981,-5.841005,151.2836,-266.0786,-0.9937173,-0.02674326,0.108359,0.008317721,-14.513980000000002,136.2328,-301.5262,0.8338109,0.5105024,-0.1189064,0.1732281,16.68897,134.9767,-297.1962,0.7177956,0.6649186,-0.06165612,-0.1971071
42,606.8000000000218,1.91229999999996,-5.842519,151.28459999999998,-266.0904,-0.9937183,-0.02706214,0.1082697,0.008315761,-14.53102,136.2372,-301.5273,0.8334028,0.5102336,-0.1221607,0.1737189,16.7409,134.3077,-297.0496,0.7018497,0.6840709,-0.0563435,-0.1904711
43,620.9999999999809,1.926499999999919,-5.837059,151.2902,-266.0976,-0.9937316,-0.02716438,0.1081049,0.008537643,-14.53741,136.1435,-301.4768,0.8331132,0.5094676,-0.1243647,0.1757796,16.77945,133.93269999999998,-296.6722,0.6984533,0.6904145,-0.05141917,-0.1812367
44,634.1999999999643,1.9396999999999025,-5.824590000000001,151.29649999999998,-266.1006,-0.9937407,-0.02711277,0.1080416,0.008454731,-14.48431,136.1354,-301.52860000000004,0.8344845,0.5086846,-0.1220445,0.1731495,16.81624,133.6421,-296.4192,0.7015383,0.6880493,-0.04751113,-0.1793731
45,648.3000000000629,1.953800000000001,-5.809736,151.3035,-266.1042,-0.9937358,-0.02725041,0.1080464,0.008519745,-14.43592,136.12820000000002,-301.5769,0.835721,0.5079619,-0.1199893,0.1707272,16.84418,133.3446,-296.1666,0.7032055,0.6870649,-0.04367408,-0.1775853
46,662.2999999999586,1.9677999999998967,-5.79778,151.3141,-266.1081,-0.9937181,-0.02755366,0.1081029,0.008875712,-14.42828,136.1184,-301.5194,0.8361908,0.5069234,-0.120685,0.1710223,16.90786,133.1553,-296.2729,0.7059637,0.6838698,-0.0409914,-0.1796027
47,677.0000000000209,1.982499999999959,-5.790544000000001,151.3222,-266.1123,-0.9936926,-0.02802179,0.1081793,0.009334087,-14.4076,136.18099999999998,-301.5403,0.8375794,0.5050657,-0.1183665,0.1713441,17.01878,132.92409999999998,-296.4082,0.7091891,0.6795499,-0.04032779,-0.1834028
48,690.3999999999542,1.9958999999998923,-5.783439,151.3329,-266.1134,-0.9936845,-0.02810301,0.1081963,0.009748003,-14.36931,136.20680000000002,-301.5034,0.8376235,0.5042665,-0.1182278,0.1735635,17.09988,132.7161,-296.4009,0.7125388,0.6753353,-0.03795677,-0.186467
49,703.8000000000011,2.0092999999999392,-5.773723,151.34369999999998,-266.119,-0.9936861,-0.02855708,0.1080226,0.01017452,-14.3328,136.2313,-301.4692,0.8376738,0.5034999,-0.1181075,0.1756162,17.1739,132.5,-296.3809,0.7151027,0.6719627,-0.03553861,-0.1892914
50,717.2000000000482,2.022699999999986,-5.766903999999999,151.3525,-266.1322,-0.9936744,-0.02930806,0.1079211,0.01026892,-14.27066,136.2978,-301.5341,0.8390563,0.501988,-0.1152527,0.175241,17.27036,132.2739,-296.3984,0.7136865,0.6728122,-0.03347743,-0.1919762
51,731.4999999999827,2.036999999999921,-5.770218,151.3725,-266.1511,-0.9936544,-0.03031944,0.1077753,0.01078108,-14.244509999999998,136.2841,-301.5165,0.8385934,0.50229,-0.115422,0.1764758,17.32111,132.1761,-296.4001,0.7143317,0.671607,-0.03487745,-0.1935402
52,745.4999999999927,2.050999999999931,-5.776465,151.4006,-266.1669,-0.993681,-0.03156065,0.1071399,0.01109304,-14.21876,136.2718,-301.4997,0.8381692,0.502543,-0.1155789,0.1776634,17.36919,132.067,-296.3935,0.7146589,0.6707612,-0.03601539,-0.1950508
53,758.9000000000397,2.064399999999978,-5.820358,151.4437,-266.1967,-0.9936997,-0.03244872,0.106696,0.01113847,-14.18514,136.29770000000002,-301.5063,0.8385549,0.5020589,-0.1148288,0.1776996,17.431070000000002,131.87040000000002,-296.37760000000003,0.7129627,0.6714347,-0.03523791,-0.1990425
54,773.0000000000246,2.0784999999999627,-5.845106,151.4563,-266.2154,-0.9937432,-0.03319932,0.1060624,0.01109941,-14.20641,136.2733,-301.4875,0.8373871,0.5018543,-0.1183092,0.181461,17.52474,131.66850000000002,-296.4357,0.7086588,0.675431,-0.03250131,-0.2013441
55,786.7999999999706,2.092299999999909,-5.869114000000001,151.4662,-266.2422,-0.9938019,-0.03397077,0.1053145,0.01061166,-14.225090000000002,136.25050000000002,-301.4693,0.8362708,0.5016381,-0.121562,0.1850217,17.61423,131.4656,-296.4851,0.704439,0.6792911,-0.02986085,-0.2035618
56,801.1999999999944,2.1066999999999325,-5.894256,151.4761,-266.2875,-0.9938539,-0.03537248,0.1044385,0.00978759,-14.25734,136.1662,-301.3039,0.8324928,0.5052742,-0.1260128,0.1891409,17.83614,131.19209999999998,-296.4687,0.6989536,0.6824974,-0.02067313,-0.212682
57,815.1000000000299,2.120599999999968,-5.916881999999999,151.51760000000002,-266.3236,-0.993915,-0.03677129,0.1034338,0.009080467,-14.33454,135.9388,-300.8106,0.8241719,0.5149363,-0.1360982,0.192506,18.03583,130.7958,-296.3977,0.6922928,0.6876336,-0.009481937,-0.2186342
58,831.9999999999936,2.137499999999932,-5.937874,151.5641,-266.3677,-0.9939451,-0.03922912,0.102313,0.008148337,-14.40665,135.7249,-300.3467,0.8161654,0.5238108,-0.1455608,0.1957252,18.22647,130.4107,-296.3292,0.6857065,0.6924685,0.001094103,-0.2242605
59,846.300000000042,2.15179999999998,-5.955589,151.5771,-266.4157,-0.9939542,-0.0417296,0.1012902,0.00735377,-13.94707,135.7343,-298.6859,0.8068473,0.5356268,-0.1486618,0.200003,18.05533,129.88299999999998,-295.78000000000003,0.6767687,0.701906,0.0125815,-0.2217067
60,859.0000000000373,2.1644999999999754,-5.977488,151.573,-266.4541,-0.994027,-0.04280177,0.100141,0.007091553,-13.49288,135.8355,-296.6672,0.797958,0.5497975,-0.146512,0.1987966,17.74126,129.4987,-294.6751,0.6795043,0.6991259,0.02372542,-0.2212105
61,873.1000000000222,2.1785999999999603,-5.999458,151.5553,-266.4965,-0.9941129,-0.04372222,0.09888079,0.007105633,-13.444210000000002,135.7642,-295.2598,0.7852345,0.5666975,-0.1519035,0.1979549,17.40172,128.55540000000002,-293.8044,0.685105,0.6942792,0.03058228,-0.21834
62,888.6999999999716,2.19419999999991,-6.011546,151.5363,-266.5424,-0.9942175,-0.04464317,0.09746812,0.006213007,-13.3989,135.69199999999998,-293.9158,0.7726776,0.5825571,-0.1571664,0.1972192,17.085829999999998,127.6471,-292.9776,0.6900132,0.6898693,0.03736266,-0.215792
63,901.6000000000304,2.2070999999999685,-6.0130360000000005,151.5331,-266.5899,-0.9943238,-0.04560144,0.09598909,0.005166054,-13.220670000000002,135.1584,-293.6794,0.7509177,0.6117452,-0.1562755,0.193568,17.32147,126.7364,-293.0946,0.6917406,0.6905193,0.05493554,-0.2041082
64,914.8999999999887,2.220399999999927,-6.025314,151.5578,-266.6379,-0.9943916,-0.04697537,0.09460105,0.005423176,-13.342480000000002,134.0754,-293.9714,0.7203839,0.6449823,-0.1653157,0.1942057,17.36788,125.3396,-292.99,0.6966896,0.6824586,0.08859202,-0.2025467
65,928.4000000000106,2.2338999999999487,-6.039619,151.5989,-266.6872,-0.9944214,-0.04969652,0.09282826,0.006263809,-13.45679,133.0489,-294.2068,0.6897953,0.6754056,-0.1737521,0.1944738,17.40708,123.9903,-292.8692,0.7004877,0.6741337,0.1204456,-0.2008818
66,940.900000000056,2.246399999999994,-6.050801,151.61329999999998,-266.7422,-0.9944192,-0.05291865,0.09100362,0.006956454,-13.37538,132.4426,-293.658,0.6520246,0.7134248,-0.1775114,0.1854154,16.85951,123.3368,-291.3578,0.7151314,0.6530047,0.1523904,-0.1973556
67,953.6000000000508,2.259099999999989,-6.0537220000000005,151.6116,-266.7959,-0.9944685,-0.05480643,0.08930138,0.007350648,-13.60255,131.3349,-293.8358,0.6369067,0.7262448,-0.1868295,0.178922,16.57709,121.7713,-290.4524,0.7436217,0.6169953,0.170074,-0.1934383
68,967.4999999999727,2.272999999999911,-6.062209999999999,151.6115,-266.8386,-0.9945881,-0.05541192,0.08751506,0.008076322,-13.81867,130.2646,-293.9845,0.6211613,0.7388978,-0.1958137,0.1727589,16.30948,120.2459,-289.5839,0.7686089,0.5816473,0.1873352,-0.1892942
69,980.8000000000447,2.286299999999983,-6.075609,151.6423,-266.8735,-0.9947138,-0.0557185,0.08580656,0.008781228,-13.88413,129.5259,-294.0762,0.600167,0.7524801,-0.2125293,0.1685367,15.96344,119.4032,-288.5577,0.8021647,0.5353317,0.1871099,-0.1869267
70,997.8999999999587,2.303399999999897,-6.089449,151.6593,-266.90610000000004,-0.9948028,-0.05615497,0.08442456,0.009305902,-13.93197,128.7714,-293.5431,0.5942316,0.7464356,-0.2429236,0.1752456,15.89515,117.9766,-288.161,0.8351575,0.4856526,0.1863897,-0.1786406
71,1012.6999999999948,2.318199999999933,-6.120777,151.6516,-266.97540000000004,-0.9950137,-0.05651711,0.0815585,0.01009929,-13.77054,128.3522,-292.9701,0.5912977,0.7334845,-0.2726129,0.1950634,15.77667,117.1929,-287.7975,0.8526431,0.4606013,0.1854815,-0.1626122
72,1036.9000000000597,2.342399999999998,-6.141806,151.6356,-266.9913,-0.995238,-0.05388345,0.08061456,0.009965749,-13.49478,127.4618,-291.90160000000003,0.5801642,0.7098799,-0.3266945,0.2296757,15.53756,115.5634,-287.04200000000003,0.8829961,0.4099424,0.1862681,-0.13255
73,1051.6000000000076,2.357099999999946,-6.155539,151.6465,-267.0188,-0.9953765,-0.05328001,0.07933872,0.009614963,-13.367490000000002,126.9933,-292.235,0.5743325,0.7152795,-0.3317009,0.220209,15.551889999999998,114.906,-286.7267,0.8862151,0.4047424,0.1887537,-0.1232012
74,1065.6000000000176,2.371099999999956,-6.164443,151.6846,-267.0527,-0.9954891,-0.05325308,0.07800463,0.008994328,-13.24459,126.5275,-292.5183,0.5678101,0.7203416,-0.3373853,0.2118276,15.55524,114.235,-286.4047,0.8898377,0.3981485,0.1915081,-0.1139793
75,1078.200000000038,2.383699999999976,-6.169128,151.7369,-267.0915,-0.9955641,-0.05393264,0.07668857,0.007896936,-13.17899,126.3668,-292.6105,0.5574878,0.7239195,-0.3531495,0.2010802,15.39075,113.5953,-286.0846,0.8902826,0.3961563,0.1934283,-0.114205
76,1092.200000000048,2.397699999999986,-6.166422,151.7701,-267.1323,-0.9955737,-0.05567368,0.07544014,0.006497041,-13.20332,126.3383,-292.5799,0.5495899,0.7302143,-0.3633751,0.1808223,15.21952,113.2789,-285.8493,0.8894051,0.3947347,0.1949465,-0.1230412
77,1106.300000000033,2.411799999999971,-6.161606,151.76579999999998,-267.1745,-0.9955949,-0.05695719,0.07424574,0.005862465,-13.22167,126.2863,-292.5387,0.541097,0.7358639,-0.3735329,0.1618381,15.05193,112.934,-285.6051,0.8890309,0.3922026,0.1966929,-0.1308176
78,1119.8000000000548,2.425299999999993,-6.16101,151.7445,-267.2091,-0.9956709,-0.05691783,0.07326981,0.005602276,-13.21125,126.3622,-292.4948,0.5269864,0.7444656,-0.386564,0.136472,14.99183,112.4383,-285.4981,0.8844974,0.3961674,0.202981,-0.1396938
79,1133.9000000000397,2.439399999999978,-6.160748,151.7255,-267.2398,-0.9957758,-0.05632016,0.07227778,0.005884163,-13.286319999999998,126.6134,-292.394,0.5160075,0.7511364,-0.3967024,0.1102615,14.86775,112.3743,-285.3903,0.8815354,0.4013987,0.2045952,-0.1411207
80,1148.0000000000246,2.4534999999999627,-6.160092000000001,151.7097,-267.2668,-0.9958722,-0.05563517,0.07144904,0.006202629,-13.35447,126.83310000000002,-292.2907,0.5045277,0.7569052,-0.4065561,0.08519664,14.7433,112.2767,-285.2694,0.8790382,0.4055079,0.2063635,-0.1423702
81,1161.5000000000464,2.4669999999999845,-6.163096,151.6982,-267.2907,-0.9959699,-0.05463828,0.07080028,0.006790412,-13.396159999999998,127.0562,-292.1702,0.4942484,0.7600586,-0.4162173,0.06922892,14.50633,112.2138,-285.1146,0.8737,0.4158012,0.210061,-0.1401141
82,1175.6000000000308,2.481099999999969,-6.161392,151.692,-267.3099,-0.9960729,-0.05355724,0.07018253,0.006698391,-13.42585,127.1985,-291.9952,0.4922666,0.7575482,-0.4241416,0.06243703,14.215739999999998,112.2224,-285.0221,0.8693972,0.4246545,0.2089836,-0.1419257
83,1189.3999999999778,2.494899999999916,-6.159401,151.6836,-267.3253,-0.9961674,-0.05227041,0.06980891,0.006709383,-13.453970000000002,127.3276,-291.82320000000004,0.4895296,0.7553488,-0.4321715,0.05510798,13.93514,112.205,-284.92,0.8654246,0.4325328,0.2081844,-0.1435785
84,1204.6000000000276,2.510099999999966,-6.160235,151.6654,-267.33950000000004,-0.9962501,-0.05105552,0.06950931,0.006901491,-13.46167,127.5062,-291.5586,0.4907996,0.7505722,-0.4394193,0.05165204,13.815740000000002,112.219,-284.8413,0.8604014,0.4366206,0.2130427,-0.1538983
85,1216.8000000000347,2.522299999999973,-6.166601,151.6431,-267.3527,-0.9963307,-0.04961807,0.06936469,0.007191045,-13.47902,127.5797,-291.3694,0.4982277,0.7425548,-0.4444468,0.0533725,13.78168,112.295,-284.8408,0.8566331,0.4429914,0.217251,-0.1507998
86,1230.3000000000566,2.5357999999999947,-6.171656,151.618,-267.3628,-0.996411,-0.04816506,0.06919734,0.007548408,-13.410939999999998,127.6473,-291.2591,0.5037491,0.737408,-0.4457716,0.0612697,13.75293,112.2686,-284.8401,0.8547096,0.4474897,0.218605,-0.1464109
87,1245.0999999999794,2.5505999999999176,-6.172359,151.6018,-267.3716,-0.9964898,-0.04675228,0.06903096,0.007542826,-13.34736,127.712,-291.1467,0.508393,0.732551,-0.4475299,0.06799069,13.715459999999998,112.23,-284.8292,0.8528237,0.4517075,0.219982,-0.1423376
88,1258.6000000000013,2.5640999999999394,-6.173241,151.5955,-267.3714,-0.99656,-0.04550355,0.06887934,0.007291947,-13.26725,127.7923,-291.09,0.5120616,0.7305528,-0.4452574,0.07636368,13.65801,112.17839999999998,-284.8322,0.8519589,0.4536385,0.2201993,-0.1410335
89,1272.5000000000364,2.5779999999999745,-6.174277999999999,151.5801,-267.3732,-0.9966125,-0.04471496,0.06869639,0.006698687,-13.17149,127.8135,-291.09950000000003,0.5183063,0.7291473,-0.438504,0.0861229,13.5959,112.1071,-284.7736,0.851566,0.4549856,0.2197299,-0.1397941
90,1286.9000000000597,2.592399999999998,-6.177568,151.5627,-267.3741,-0.9966699,-0.04370138,0.06852975,0.0065488,-13.08017,127.8356,-291.1007,0.5239054,0.7276262,-0.4324991,0.09501448,13.53024,112.0308,-284.7119,0.8511167,0.4563639,0.2193947,-0.138558
91,1300.299999999993,2.605799999999931,-6.188226,151.5546,-267.38,-0.9967211,-0.04283053,0.06831403,0.006765705,-12.9706,127.8192,-291.169,0.5294743,0.7268845,-0.4238886,0.1077702,13.49497,111.9163,-284.6383,0.85288,0.4534816,0.2181028,-0.1392167
92,1314.3999999999778,2.619899999999916,-6.2078,151.5545,-267.38,-0.9967678,-0.04239834,0.06790119,0.006770943,-12.84069,127.8302,-291.2975,0.5382546,0.7238815,-0.4123991,0.1272981,13.45246,111.7561,-284.543,0.8564029,0.4486867,0.2150374,-0.1378885
93,1328.3999999999878,2.633899999999926,-6.207979,151.5244,-267.3886,-0.9968151,-0.04231646,0.06729028,0.006405996,-12.71567,127.8423,-291.41360000000003,0.5462109,0.7205888,-0.4015174,0.1455652,13.40653,111.598,-284.448,0.8595993,0.4442982,0.2122216,-0.136566
94,1341.9000000000096,2.647399999999948,-6.224465,151.5209,-267.3869,-0.9968628,-0.04216374,0.06667951,0.006371303,-12.68727,127.9217,-291.6177,0.5519117,0.7215545,-0.3878471,0.1559719,13.37295,111.496,-284.3536,0.8608342,0.440962,0.2128783,-0.1385632
95,1357.3000000000093,2.6627999999999474,-6.242251,151.518,-267.3806,-0.9969332,-0.04152132,0.06601426,0.006517635,-12.65531,128.155,-291.907,0.5567645,0.7247503,-0.3696552,0.1676465,13.33629,111.3789,-284.2516,0.8622177,0.4380927,0.2132746,-0.1384535
96,1369.8000000000548,2.675299999999993,-6.260443,151.51330000000002,-267.3707,-0.9970133,-0.04078037,0.06526923,0.006443419,-12.47369,128.4343,-292.0818,0.5620384,0.7291987,-0.3456378,0.1814293,13.30047,111.2618,-284.1526,0.8649373,0.433881,0.2127566,-0.1355188
97,1383.0000000000382,2.6884999999999764,-6.276511999999999,151.5038,-267.3594,-0.9970905,-0.04006352,0.06457317,0.005991352,-12.29759,128.6999,-292.2475,0.5667728,0.7326823,-0.3225201,0.1947461,13.26246,111.1437,-284.0539,0.8675129,0.4298535,0.2122293,-0.1326885
98,1397.400000000062,2.7029,-6.294739000000001,151.46980000000002,-267.3355,-0.9971804,-0.03896569,0.0638811,0.00567101,-12.21812,129.2624,-292.6545,0.5769622,0.7264355,-0.310663,0.20711,13.22486,111.0017,-283.9568,0.8688912,0.4266123,0.2141392,-0.1310508
99,1411.5000000000464,2.7169999999999845,-6.312394,151.44660000000002,-267.3133,-0.9972805,-0.03749196,0.06319028,0.005740436,-12.17756,130.2193,-292.766,0.5889212,0.7240993,-0.290647,0.2106572,13.20153,110.8332,-283.8129,0.8709531,0.4219403,0.2153002,-0.130587
100,1425.5000000000564,2.7309999999999945,-6.3377740000000005,151.4316,-267.2913,-0.9973647,-0.03623874,0.06253081,0.006350469,-12.13256,131.1293,-292.8757,0.6000419,0.7214706,-0.2709509,0.2145121,13.17613,110.66689999999998,-283.6718,0.8729553,0.4174104,0.216353,-0.1300351
101,1439.300000000003,2.744799999999941,-6.368100999999999,151.4285,-267.2614,-0.9974601,-0.03500205,0.06165738,0.006816541,-12.15205,132.1417,-293.4297,0.6090783,0.7251858,-0.2434765,0.2094003,13.10905,110.4304,-283.5095,0.8751416,0.4126896,0.2157326,-0.13143
102,1453.6000000000508,2.759099999999989,-6.395721,151.4063,-267.2336,-0.9975384,-0.03401701,0.06095351,0.006689397,-12.32225,132.8039,-293.9164,0.6189618,0.7239627,-0.2234427,0.2069729,13.00338,110.2247,-283.3726,0.8758687,0.4107136,0.2154092,-0.1332937
103,1467.300000000023,2.772799999999961,-6.416619,151.3727,-267.2029,-0.9976254,-0.0327101,0.06027101,0.006404459,-12.47714,133.4544,-294.3803,0.6282945,0.7223285,-0.2035583,0.2050649,12.90124,110.0224,-283.2369,0.8766509,0.408653,0.2151117,-0.134955
104,1480.9000000000196,2.786399999999958,-6.443429,151.3417,-267.1687,-0.9977161,-0.03087411,0.0597464,0.006304082,-12.60417,134.02700000000002,-294.9427,0.6455276,0.7076237,-0.1920478,0.2137296,12.77444,109.8611,-283.0694,0.8778908,0.4043439,0.2154473,-0.1392699
105,1495.0999999999794,2.8005999999999176,-6.467628,151.3247,-267.1337,-0.9978071,-0.02908889,0.0591827,0.005680219,-12.76939,134.4174,-295.1349,0.6729953,0.6800364,-0.1877969,0.2221716,12.64821,109.7303,-282.903,0.8814088,0.3960297,0.2134537,-0.1439324
106,1509.0000000000146,2.8144999999999527,-6.482029000000001,151.3245,-267.0973,-0.9978828,-0.02787919,0.05856077,0.004846741,-12.9252,134.8172,-295.33140000000003,0.6980889,0.6531013,-0.1823496,0.2299552,12.525430000000002,109.5971,-282.7391,0.884689,0.3880454,0.2115712,-0.1482699
107,1524.0999999999758,2.829599999999914,-6.490253999999999,151.3381,-267.0636,-0.9979423,-0.02719866,0.05794051,0.003788523,-13.18934,135.0532,-297.0486,0.7271627,0.6236814,-0.1701443,0.2308828,12.40835,109.5038,-282.6012,0.8885131,0.3780388,0.2109811,-0.152047
108,1537.10000000001,2.842599999999948,-6.488811999999999,151.34449999999998,-267.0348,-0.9979882,-0.02726473,0.05719834,0.002187937,-13.54407,135.1901,-298.1289,0.7582569,0.5876131,-0.1657936,0.228626,12.3479,109.397,-282.4732,0.8913851,0.3693182,0.21061,-0.1570994
109,1549.7000000000298,2.855199999999968,-6.484735,151.33950000000002,-267.0092,-0.9980078,-0.02763139,0.05670993,0.0009538786,-13.76349,135.3857,-299.7224,0.7786484,0.5638291,-0.1616643,0.2228635,12.28167,109.3447,-282.3981,0.8945656,0.3614877,0.2101918,-0.1577927
110,1564.4999999999527,2.869999999999891,-6.480122000000001,151.3331,-266.9853,-0.9980306,-0.02797433,0.05614595,0.0001624988,-13.97491,135.5967,-301.2448,0.7977979,0.5400267,-0.1568089,0.217487,12.21403,109.2869,-282.3195,0.8976106,0.3537948,0.2097382,-0.1585387
111,1579.1000000000395,2.8845999999999776,-6.474399999999999,151.3378,-266.96320000000003,-0.9980375,-0.02844493,0.05578642,2.470729e-05,-14.05659,135.5903,-302.2201,0.8115238,0.5253586,-0.1431148,0.2120044,12.16572,109.2431,-282.2772,0.899406,0.3499534,0.2105768,-0.155753
112,1592.200000000048,2.897699999999986,-6.497693,151.3236,-266.9465,-0.998025,-0.029316,0.0555592,0.0001592776,-14.17314,135.6419,-302.7008,0.8187903,0.5213786,-0.1294357,0.2024673,12.10079,109.2099,-282.2439,0.9015372,0.3493607,0.2095728,-0.145798
113,1606.4999999999827,2.911999999999921,-6.468308,151.3674,-266.9247,-0.9979954,-0.03055922,0.05541637,0.0005481816,-14.29055,135.7114,-303.2007,0.8262084,0.5162529,-0.1159309,0.1934498,12.03488,109.1722,-282.2061,0.9035966,0.3483824,0.2085717,-0.1365307
114,1621.7000000000326,2.9271999999999707,-6.464696,151.3741,-266.9105,-0.9979388,-0.0320382,0.05559654,0.0009359265,-14.34107,135.8328,-303.3277,0.8305742,0.5152529,-0.1082195,0.1815198,12.03282,109.1265,-282.1927,0.9048132,0.3444258,0.210446,-0.135634
115,1637.299999999982,2.94279999999992,-6.452107,151.3652,-266.8895,-0.9978871,-0.03298215,0.05596938,0.0009755311,-14.32376,135.9766,-303.8273,0.8385507,0.5067953,-0.09767443,0.1745021,11.99527,109.107,-282.1805,0.9073547,0.3392382,0.2101799,-0.1320957
116,1651.200000000018,2.956699999999956,-6.434226,151.3577,-266.8657,-0.9978532,-0.03330553,0.05638005,0.001062362,-14.3814,136.0386,-304.2706,0.8475201,0.497273,-0.08486027,0.1650086,12.03454,109.0689,-282.1501,0.9083962,0.3352033,0.2111864,-0.1336237
117,1664.9999999999636,2.9704999999999018,-6.423628000000001,151.3643,-266.8473,-0.9978128,-0.03345056,0.05700438,0.00114735,-14.44249,136.1096,-304.7258,0.856205,0.4873002,-0.07208005,0.1557436,12.06811,109.0286,-282.1172,0.9094803,0.3311575,0.2120914,-0.1348981
118,1678.499999999986,2.983999999999924,-6.413900999999999,151.3737,-266.8312,-0.9977552,-0.03391489,0.05773409,0.001141315,-14.26246,136.1868,-304.8397,0.8638067,0.4788584,-0.05336219,0.147258,12.08519,109.0287,-282.09810000000004,0.9102484,0.3283066,0.2123984,-0.1361966
119,1692.199999999957,2.9976999999998952,-6.402922,151.3772,-266.82030000000003,-0.997681,-0.03465796,0.05856762,0.001120864,-14.16705,136.2269,-304.751,0.8699163,0.4703918,-0.04334491,0.1417694,12.13936,109.0261,-282.0175,0.9101993,0.327362,0.2125009,-0.1386166
120,1706.500000000006,3.011999999999944,-6.390047,151.37480000000002,-266.80769999999995,-0.9976085,-0.03493531,0.05962986,0.00105044,-14.08181,136.2738,-304.6976,0.8759609,0.4615673,-0.0331867,0.1361861,12.1892,109.0203,-281.9381,0.9102436,0.3262329,0.2125938,-0.1408279
121,1720.8000000000538,3.026299999999992,-6.37151,151.37290000000002,-266.7921,-0.9975494,-0.03478192,0.06070226,0.0008522302,-13.97394,136.3614,-304.5495,0.8816272,0.4520608,-0.02859023,0.1325032,12.23935,109.0419,-281.8677,0.9112338,0.324169,0.2104666,-0.142377
122,1734.4000000000506,3.0398999999999887,-6.33601,151.3716,-266.764,-0.9974071,-0.03503522,0.06285624,0.0008145932,-13.9097,136.4584,-304.4445,0.8860667,0.4433879,-0.02972081,0.1319463,12.319,109.0486,-281.8166,0.9097539,0.3270699,0.2100154,-0.1458313
123,1758.199999999988,3.063699999999926,-6.329714999999999,151.3709,-266.7645,-0.9973208,-0.03527284,0.06406559,0.00165988,-13.79623,136.6557,-304.3098,0.8951905,0.4253856,-0.02947396,0.1296624,12.46478,109.0538,-281.7112,0.9072415,0.3316964,0.2091838,-0.1520929
124,1772.9000000000497,3.078399999999988,-6.3187,151.373,-266.7591,-0.9972597,-0.03527205,0.06500227,0.001925206,-13.69002,136.6666,-304.2447,0.8959324,0.4222139,-0.03125757,0.1344009,12.56708,109.0501,-281.67,0.9093432,0.3292338,0.2048834,-0.1507406
125,1786.6999999999962,3.0921999999999343,-6.309509,151.37279999999998,-266.7524,-0.9972064,-0.03541951,0.06573108,0.002116599,-13.5911,136.6848,-304.1948,0.8970203,0.4185107,-0.03246909,0.1383802,12.66493,109.0454,-281.6268,0.911218,0.3269657,0.2009476,-0.1496506
126,1800.3999999999678,3.105899999999906,-6.306005000000001,151.3725,-266.7458,-0.9971645,-0.03531485,0.06641466,0.002242066,-13.48988,136.7125,-304.1271,0.8968619,0.4175745,-0.03407913,0.1418059,12.7288,109.0423,-281.5909,0.9123149,0.326277,0.1965445,-0.1503166
127,1814.4999999999527,3.119999999999891,-6.30331,151.3679,-266.7409,-0.997131,-0.03527565,0.06692988,0.002403973,-13.45851,136.6958,-304.0286,0.8953572,0.4196815,-0.03661752,0.1444372,12.79486,109.0367,-281.5843,0.9121646,0.3266759,0.1939389,-0.1537086
128,1828.300000000013,3.133799999999951,-6.284976,151.3671,-266.7257,-0.9971027,-0.0352274,0.06736229,0.002759261,-13.4272,136.6856,-303.9418,0.8942258,0.4211062,-0.03874308,0.1467267,12.860269999999998,109.0306,-281.5742,0.9120183,0.3270101,0.1914494,-0.1569532
129,1841.8000000000347,3.147299999999973,-6.284927999999999,151.3613,-266.7186,-0.9970939,-0.03489471,0.06765524,0.002989365,-13.408919999999998,136.6751,-303.8296,0.8927318,0.4220855,-0.04415381,0.1514074,12.90882,109.0269,-281.5825,0.9146614,0.3248551,0.184177,-0.1547332
130,1855.9999999999945,3.1614999999999327,-6.287503,151.35590000000002,-266.714,-0.9970858,-0.03468625,0.06788839,0.002813529,-13.41999,136.62730000000002,-303.7407,0.8904033,0.4255291,-0.04925233,0.1538872,13.004650000000002,109.0302,-281.547,0.9157437,0.3249494,0.1811589,-0.1516669
131,1869.8000000000548,3.175299999999993,-6.290269,151.3538,-266.711,-0.9970773,-0.034573,0.06808492,0.002476992,-13.428399999999998,136.5855,-303.6587,0.8883459,0.4284261,-0.05391407,0.1561598,13.098109999999998,109.0327,-281.5113,0.9167432,0.325013,0.178229,-0.148939
132,1884.0000000000146,3.1894999999999527,-6.296015000000001,151.355,-266.70660000000004,-0.9970867,-0.03427363,0.06809947,0.002423469,-13.40482,136.5792,-303.6451,0.8878437,0.4290619,-0.05622238,0.1564558,13.19207,109.0765,-281.4723,0.9185865,0.3235354,0.1734127,-0.1464639
133,1898.0000000000246,3.2034999999999627,-6.304789,151.3498,-266.70410000000004,-0.9971025,-0.03408403,0.06795586,0.002635557,-13.41254,136.5983,-303.6404,0.8878689,0.4294754,-0.05662447,0.1550272,13.27659,109.1503,-281.4584,0.9191658,0.3220785,0.1720359,-0.1476591
134,1913.9000000000124,3.2193999999999505,-6.311107000000001,151.3423,-266.7018,-0.9971242,-0.03371754,0.0678133,0.002810027,-13.39425,136.632,-303.6253,0.8887236,0.4277022,-0.05562508,0.1553932,13.3182,109.1877,-281.4814,0.9211891,0.3190595,0.1677777,-0.1464999
135,1930.7000000000016,3.23619999999994,-6.322062000000001,151.3258,-266.6985,-0.99713,-0.03344696,0.06785734,0.002920465,-13.37606,136.6645,-303.61,0.8895524,0.4259508,-0.0547536,0.1557707,13.36156,109.2229,-281.501,0.9230903,0.3162025,0.1636355,-0.1454079
136,1952.5999999999613,3.2580999999998994,-6.330931,151.3182,-266.6928,-0.9971211,-0.03315171,0.06811687,0.003276601,-13.39474,136.69500000000002,-303.4687,0.890745,0.4247888,-0.05106804,0.1533618,13.48484,109.2824,-281.5738,0.9233369,0.3147817,0.1643818,-0.146082
137,1967.3999999999978,3.272899999999936,-6.336558,151.3117,-266.6834,-0.9971259,-0.03272246,0.06823081,0.003693949,-13.41163,136.68849999999998,-303.3945,0.888072,0.4289494,-0.05303821,0.1565807,13.48895,109.3251,-281.67080000000004,0.9246417,0.313013,0.1611056,-0.1452768
138,1986.4000000000028,3.291899999999941,-6.341289999999999,151.3091,-266.6731,-0.99711,-0.03223902,0.06866456,0.004191331,-13.43778,136.6709,-303.3325,0.8866547,0.4315994,-0.05289358,0.1573771,13.49146,109.3956,-281.7582,0.9240498,0.3132837,0.1608348,-0.1487195
139,1998.4000000000606,3.3038999999999987,-6.337392,151.2987,-266.6503,-0.9970666,-0.03183489,0.06940508,0.005276532,-13.43218,136.6691,-303.2153,0.884523,0.4355702,-0.05409834,0.1580224,13.50113,109.5038,-281.92,0.9233706,0.3145794,0.1565818,-0.1546239
140,2022.6999999999862,3.3281999999999243,-6.329906,151.2944,-266.6261,-0.9970017,-0.03135811,0.07051976,0.005583732,-13.42193,136.68419999999998,-302.9784,0.8834213,0.4409189,-0.05110124,0.1501533,13.59053,109.8003,-282.2126,0.9199789,0.3184842,0.149344,-0.1729248
141,2035.7999999999947,3.341299999999933,-6.331587,151.2871,-266.6042,-0.9969499,-0.03098466,0.07138489,0.005934534,-13.42981,136.7007,-302.90689999999995,0.8825364,0.4439672,-0.05131364,0.1462518,13.66444,110.0617,-282.5545,0.9153852,0.3237545,0.1409006,-0.1933906
142,2050.299999999993,3.355799999999931,-6.333494000000001,151.2804,-266.5793,-0.9969066,-0.03057807,0.07212318,0.006365187,-13.43949,136.7239,-302.8041,0.8813422,0.4480163,-0.05148983,0.140947,13.76824,110.4151,-283.0131,0.9085677,0.3303883,0.1293876,-0.220471
143,2064.100000000054,3.369599999999992,-6.341338,151.28289999999998,-266.5349,-0.9968485,-0.03027453,0.07302716,0.006605254,-13.48798,136.7173,-302.7347,0.8801078,0.4509385,-0.05270797,0.1388758,14.07589,110.8335,-283.2829,0.9059454,0.3339864,0.1215555,-0.2300879
144,2077.5999999999613,3.3830999999998994,-6.352127,151.2769,-266.5062,-0.9967891,-0.02999667,0.07394163,0.006667072,-13.50873,136.73059999999998,-302.6084,0.8789098,0.4526103,-0.05503616,0.1401161,14.09192,112.2665,-283.2623,0.9075193,0.3347359,0.1043132,-0.2312558
145,2091.70000000006,3.397199999999998,-6.366837,151.2827,-266.4752,-0.9967385,-0.02975954,0.07469702,0.006862287,-13.5518,136.7565,-302.4669,0.8783109,0.4539434,-0.05573493,0.1392803,14.13787,113.3982,-283.3504,0.9079225,0.3372783,0.08832976,-0.2326325
146,2105.699999999956,3.4111999999998943,-6.376684000000001,151.29379999999998,-266.4406,-0.9966971,-0.02962645,0.07533748,0.006453653,-13.592480000000002,136.7818,-302.3287,0.877713,0.4553118,-0.05637315,0.1383225,14.1856,114.4773,-283.4458,0.9078701,0.3397228,0.07292071,-0.2346123
147,2120.300000000043,3.425799999999981,-6.380594,151.3005,-266.4053,-0.9966521,-0.02995324,0.07584278,0.005934773,-13.63094,136.83339999999998,-302.3256,0.8769853,0.4555094,-0.0596332,0.1408969,14.49581,115.1694,-284.1513,0.9047497,0.3535699,0.04988247,-0.2322242
148,2133.6000000000013,3.4390999999999394,-6.389749,151.3091,-266.3682,-0.9966029,-0.03018054,0.07641846,0.005661917,-13.70549,136.854,-302.2634,0.8763737,0.4564177,-0.06170917,0.1408687,14.86636,115.849,-284.73060000000004,0.8948026,0.3685703,0.04078579,-0.2486382
149,2147.5000000000364,3.4529999999999745,-6.399822,151.3164,-266.331,-0.9965662,-0.03048517,0.07678763,0.005492236,-13.77662,136.8747,-302.19870000000003,0.8757604,0.4573719,-0.06366232,0.1407187,15.21887,116.522,-285.286,0.8847752,0.3825191,0.03156629,-0.2643022
150,2160.70000000002,3.466199999999958,-6.4094310000000005,151.3268,-266.2923,-0.996525,-0.03083389,0.07718881,0.005390898,-13.84585,136.8924,-302.2179,0.8744082,0.4593773,-0.06616849,0.1414376,15.28218,117.9008,-285.7431,0.8667122,0.4043386,0.03186709,-0.290353
151,2174.8999999999796,3.480399999999918,-6.414771,151.3396,-266.2488,-0.9965003,-0.03122734,0.07735392,0.005337381,-13.877339999999998,136.8927,-302.1908,0.8736327,0.4593724,-0.06885502,0.14492,15.39697,118.9151,-286.3117,0.8479291,0.4331609,0.03828144,-0.3031874
152,2188.70000000004,3.494199999999978,-6.418538,151.3467,-266.2029,-0.9964522,-0.03179164,0.07775876,0.005092817,-13.9094,136.89430000000002,-302.1601,0.872852,0.4594558,-0.07142195,0.148084,15.51579,119.9056,-286.8655,0.8288625,0.459941,0.04353493,-0.315509
153,2202.70000000005,3.508199999999988,-6.423521,151.3557,-266.153,-0.996408,-0.03223621,0.0781474,0.004985534,-13.86008,136.94580000000002,-302.19,0.8732095,0.4570834,-0.07262111,0.1526637,15.75403,120.93959999999998,-287.85020000000003,0.8016776,0.5050736,0.05550128,-0.3148546
154,2216.3000000000466,3.5217999999999847,-6.424236,151.3739,-266.1051,-0.9963812,-0.03285309,0.07822801,0.005066971,-13.87038,136.9901,-302.193,0.8745486,0.4550851,-0.07103342,0.1517126,15.66591,122.2673,-288.09619999999995,0.7832257,0.5353852,0.06129262,-0.3101026
155,2230.4000000000315,3.5358999999999696,-6.422269,151.396,-266.0622,-0.9963492,-0.03370395,0.07827819,0.004977922,-13.86356,137.0601,-302.23490000000004,0.8761353,0.4523191,-0.06960091,0.1514925,15.87288,123.4979,-288.7979,0.7662749,0.561843,0.06864309,-0.3040449
156,2244.5000000000164,3.5499999999999545,-6.418216,151.4212,-266.0204,-0.9963134,-0.03473313,0.07830318,0.004668937,-13.858960000000002,137.12709999999998,-302.2711,0.8775793,0.44976,-0.06834668,0.1513249,16.07733,124.7035,-289.4854,0.7486967,0.5870184,0.07526618,-0.2986601
157,2258.199999999988,3.563699999999926,-6.417203000000001,151.435,-265.97270000000003,-0.996289,-0.03563195,0.07822931,0.004341197,-13.86069,137.1842,-302.2795,0.8799716,0.4464083,-0.06441161,0.1490662,16.18675,125.9027,-289.7518,0.7445594,0.5943422,0.07451651,-0.2946795
158,2273.0999999999995,3.5785999999999376,-6.417501000000001,151.4333,-265.92470000000003,-0.9962846,-0.03638278,0.07794389,0.004245255,-13.84218,137.2642,-302.2769,0.8830218,0.4397167,-0.06290272,0.1515418,16.632849999999998,127.0899,-290.8884,0.7291796,0.6213809,0.07195103,-0.2774996
159,2285.8999999999696,3.591399999999908,-6.427740999999999,151.441,-265.8737,-0.9962912,-0.03659498,0.07773989,0.004598173,-13.82573,137.3417,-302.2732,0.8858453,0.433381,-0.06150523,0.1538703,17.06363,128.2638,-291.991,0.7128452,0.6471104,0.06950229,-0.2612838
160,2298.9999999999777,3.604499999999916,-6.43177,151.4639,-265.8295,-0.996294,-0.03717676,0.07741624,0.00478504,-13.84735,137.4006,-302.192,0.8875649,0.4305909,-0.05816466,0.1530909,16.887079999999997,129.69809999999998,-291.9153,0.7012571,0.6700385,0.05864987,-0.2363195
161,2313.8000000000147,3.619299999999953,-6.4201,151.4944,-265.7772,-0.9962961,-0.03824527,0.07690085,0.004214612,-13.8418,137.4376,-302.1185,0.8901212,0.4247762,-0.05505243,0.1556233,17.756069999999998,130.76909999999998,-293.227,0.6918104,0.6922961,0.03482333,-0.2022667
162,2327.8999999999996,3.633399999999938,-6.40347,151.52790000000002,-265.7287,-0.9962929,-0.03912711,0.07655191,0.003055615,-13.83681,137.4757,-302.0487,0.8925455,0.4191264,-0.05211362,0.1580504,18.58939,131.8388,-294.5057,0.6802996,0.7129153,0.01244715,-0.1696737
163,2341.3000000000466,3.6467999999999847,-6.383193,151.5475,-265.6762,-0.9962856,-0.03999219,0.07624514,0.001557664,-13.84186,137.48510000000002,-301.9671,0.8946223,0.4158771,-0.04946089,0.155726,18.68942,132.7489,-294.8494,0.6743064,0.7255803,-0.003371149,-0.1372327
164,2355.699999999956,3.6611999999998943,-6.367171000000001,151.54510000000002,-265.6195,-0.9962899,-0.04060942,0.07587235,0.0008764658,-13.80728,137.4913,-301.9194,0.8963599,0.4115021,-0.04776546,0.1578718,18.79287,133.8462,-295.2987,0.6897652,0.7087801,-0.005824,-0.1477192
165,2369.5000000000164,3.6749999999999545,-6.35525,151.5369,-265.5707,-0.9963193,-0.04062236,0.07547355,0.001240105,-13.8021,137.4991,-301.8607,0.8980407,0.4094141,-0.04466426,0.1546224,19.21902,134.8041,-295.6639,0.7161665,0.6815637,-0.007169694,-0.1500834
166,2383.4000000000515,3.6888999999999896,-6.350588999999999,151.5418,-265.51800000000003,-0.9963597,-0.0402865,0.07510767,0.001792618,-13.797209999999998,137.509,-301.80310000000003,0.8996977,0.407199,-0.04165801,0.1516498,19.64878,135.76729999999998,-296.06080000000003,0.739226,0.6562128,-0.008987248,-0.1511585
167,2396.8999999999596,3.7023999999998978,-6.3458440000000005,151.5548,-265.4738,-0.9963894,-0.04011958,0.07479223,0.00215034,-13.72428,137.5146,-301.7386,0.9007307,0.405037,-0.03947735,0.1518909,20.57149,136.70960000000002,-297.6741,0.7636405,0.6254504,0.002495408,-0.1601835
168,2411.200000000008,3.716699999999946,-6.343043,151.5745,-265.43420000000003,-0.996394,-0.04046472,0.07453826,0.002355871,-13.68595,137.5079,-301.6714,0.9019237,0.4020855,-0.03922197,0.1527179,20.82519,137.4237,-298.37699999999995,0.7813708,0.603359,0.0110223,-0.1590476
169,2425.200000000018,3.730699999999956,-6.343126000000001,151.5908,-265.404,-0.9963779,-0.04121367,0.0743499,0.002150403,-13.64961,137.5034,-301.6054,0.9031327,0.3991096,-0.03885117,0.1534712,21.09129,138.15470000000002,-299.0818,0.7974885,0.5821618,0.01864964,-0.1573271
170,2439.7999999999906,3.745299999999929,-6.34079,151.5979,-265.3775,-0.9963706,-0.04182991,0.07411093,0.001857157,-13.625799999999998,137.4777,-301.5287,0.904839,0.3963432,-0.03779703,0.1508308,21.54889,138.9002,-299.929,0.8169266,0.5579914,0.02695966,-0.1433512
171,2453.800000000001,3.7592999999999392,-6.34706,151.6108,-265.3532,-0.9963592,-0.04242826,0.07392047,0.002001376,-13.65073,137.48739999999998,-301.5214,0.9066623,0.3923452,-0.03961048,0.1498658,21.81935,139.2973,-300.5462,0.8350838,0.5343782,0.02369168,-0.1285053
172,2467.399999999998,3.772899999999936,-6.359065,151.6248,-265.33820000000003,-0.9963432,-0.04317959,0.07368991,0.002354581,-13.67313,137.4974,-301.5112,0.9084401,0.3883927,-0.04121414,0.1489603,22.09695,139.724,-301.1701,0.851662,0.5111092,0.02060157,-0.114083
173,2479.4000000000547,3.784899999999993,-6.377149,151.63649999999998,-265.3233,-0.9963219,-0.04391241,0.07352072,0.003048288,-13.62841,137.4883,-301.5047,0.908702,0.3872106,-0.04044935,0.15064,22.10183,140.2938,-301.5235,0.8737592,0.4747512,0.01225412,-0.1049093
174,2494.299999999953,3.799799999999891,-6.400502,151.6372,-265.3148,-0.9962943,-0.04460562,0.07343145,0.003988727,-13.64875,137.4679,-301.54580000000004,0.9091877,0.3849511,-0.04251626,0.1529144,21.92356,140.7828,-301.61850000000004,0.8973157,0.4291629,-0.007802516,-0.1028722
175,2508.199999999988,3.813699999999926,-6.435132,151.6285,-265.3016,-0.9962919,-0.04466614,0.07340357,0.004401824,-13.66765,137.4495,-301.5822,0.9097291,0.3826085,-0.04442602,0.1550163,21.77689,141.2856,-301.74940000000004,0.917403,0.3842685,-0.02659488,-0.1000111
176,2521.7999999999847,3.827299999999923,-6.453419,151.63819999999998,-265.2763,-0.9962867,-0.04445632,0.07362545,0.003967817,-13.673940000000002,137.4868,-301.64840000000004,0.9103122,0.3803532,-0.04462215,0.1570739,21.55481,141.689,-301.6874,0.9334211,0.343512,-0.04249984,-0.09443612
177,2536.299999999983,3.841799999999921,-6.491745,151.6276,-265.272,-0.9962794,-0.04432196,0.0738412,0.003256932,-13.71942,137.5042,-301.6952,0.9108486,0.3780346,-0.04568225,0.159242,21.44884,141.8257,-301.7187,0.9400384,0.3233447,-0.05096722,-0.09580456
178,2549.8999999999796,3.855399999999918,-6.5464850000000006,151.6248,-265.29,-0.9962631,-0.04448247,0.07399076,0.00252012,-13.76232,137.5207,-301.7386,0.9114135,0.3756658,-0.04670608,0.161305,21.35842,141.99349999999998,-301.7769,0.9464355,0.3023557,-0.05939889,-0.09650303
179,2563.8999999999896,3.869399999999928,-6.580639000000001,151.6172,-265.2971,-0.996236,-0.04494137,0.07409608,0.001990743,-13.716919999999998,137.5552,-301.777,0.9120735,0.3738151,-0.04279009,0.1629516,21.2438,141.89860000000002,-301.7762,0.9441096,0.3064714,-0.05878198,-0.1061936
180,2577.499999999987,3.882999999999925,-6.613243000000001,151.6079,-265.3037,-0.9962494,-0.0451315,0.07381079,0.00151782,-13.74592,137.5562,-301.7991,0.912629,0.3729478,-0.04196441,0.1620408,21.15924,141.66129999999998,-301.6731,0.9351456,0.3278187,-0.05521756,-0.122428
181,2591.70000000006,3.897199999999998,-6.64252,151.6013,-265.3096,-0.996291,-0.04491438,0.0733948,0.0004141792,-13.77118,137.4863,-301.8046,0.9124905,0.3726251,-0.04220966,0.1634932,21.02309,141.4137,-301.5171,0.9190102,0.3658577,-0.05336457,-0.1368237
182,2605.699999999956,3.9111999999998943,-6.672037,151.5945,-265.3224,-0.9963235,-0.04513887,0.07281363,-0.0001904415,-13.79598,137.4209,-301.8106,0.912412,0.3721549,-0.04246897,0.1649284,20.897170000000003,141.20440000000002,-301.38620000000003,0.9029334,0.3994232,-0.05203065,-0.1498846
183,2619.199999999978,3.924699999999916,-6.693387,151.5949,-265.3288,-0.9963878,-0.0449184,0.07206085,-0.0009257002,-13.846149999999998,137.388,-301.8391,0.9119208,0.3738889,-0.04286677,0.1636148,20.74724,140.9679,-301.226,0.8837285,0.437195,-0.05427685,-0.1579193
184,2634.1999999999657,3.939699999999904,-6.702626,151.5927,-265.3428,-0.9964482,-0.04490192,0.07121699,-0.0017853,-13.86067,137.3493,-301.8334,0.9107345,0.3757592,-0.04291388,0.1659102,20.54407,140.5036,-300.9429,0.8529575,0.4909444,-0.05532643,-0.1684522
185,2647.199999999998,3.952699999999936,-6.707048,151.5934,-265.3521,-0.9965146,-0.04472531,0.07038558,-0.002047296,-13.87556,137.3116,-301.8287,0.9096469,0.377393,-0.04298276,0.1681354,20.35127,140.07639999999998,-300.6833,0.8210565,0.5394704,-0.05638114,-0.1779301
186,2661.299999999983,3.966799999999921,-6.708789,151.59709999999998,-265.3593,-0.9965909,-0.04444646,0.06947174,-0.002196872,-13.89403,137.3034,-301.8516,0.908922,0.3791658,-0.04314998,0.1680246,19.4638,139.3745,-299.5313,0.7804148,0.5953903,-0.04827267,-0.1847515
187,2674.8999999999796,3.980399999999918,-6.7099210000000005,151.58849999999998,-265.358,-0.9966403,-0.04442699,0.06877597,-0.002079766,-13.89453,137.2803,-301.8075,0.9073145,0.382099,-0.0434837,0.1699705,18.28778,138.7878,-298.1976,0.7356583,0.6500239,-0.04244727,-0.1856722
188,2688.999999999965,3.994499999999903,-6.741427999999999,151.5852,-265.3682,-0.996663,-0.04461582,0.0683411,-0.001288744,-13.93521,137.2635,-301.7938,0.9063613,0.3841027,-0.04444173,0.1702917,17.84827,138.2212,-297.9079,0.7021424,0.6872215,-0.04400808,-0.1810692
189,2702.5999999999613,4.008099999999899,-6.732798,151.575,-265.3727,-0.9967167,-0.04392198,0.06801073,-0.001069569,-13.97469,137.24609999999998,-301.781,0.9054469,0.3859725,-0.04535899,0.170686,17.426099999999998,137.6796,-297.6304,0.6678022,0.7216535,-0.04550767,-0.1765944
190,2716.400000000022,4.02189999999996,-6.7090510000000005,151.5612,-265.3771,-0.9967543,-0.04351016,0.06771407,-0.001573654,-13.95152,137.2428,-301.7833,0.9039817,0.3897294,-0.04591459,0.1697647,17.356640000000002,137.0806,-297.4582,0.6406369,0.7493785,-0.04788342,-0.1603851
191,2730.500000000007,4.0359999999999445,-6.676674,151.558,-265.3809,-0.9967618,-0.04340487,0.0676501,-0.002332612,-13.98762,137.2225,-301.7991,0.9037147,0.3904928,-0.04796934,0.1688605,17.72655,136.54520000000002,-297.7634,0.6241462,0.7654426,-0.04802749,-0.1491057
192,2744.5000000000164,4.0499999999999545,-6.647408,151.5685,-265.3894,-0.9967342,-0.0438899,0.06775019,-0.002122493,-14.0232,137.202,-301.8138,0.9034272,0.3912508,-0.04993114,0.1680741,18.06275,136.0235,-298.0433,0.606572,0.7813969,-0.04824314,-0.1384265
193,2757.9000000000633,4.0634000000000015,-6.626499,151.5756,-265.3996,-0.9966978,-0.0441413,0.06814561,-0.00110687,-13.96667,137.18699999999998,-301.7921,0.9030085,0.3920051,-0.05063885,0.1683549,18.12056,135.5631,-297.95919999999995,0.5980814,0.7896787,-0.04209808,-0.130131
194,2772.199999999998,4.077699999999936,-6.596708,151.5702,-265.4064,-0.9966905,-0.04376199,0.0685041,-0.0001768996,-13.95683,137.2043,-301.8162,0.9032218,0.3909089,-0.05171388,0.169429,18.55268,135.1521,-298.2217,0.6005183,0.7889475,-0.02883613,-0.1269179
195,2786.0000000000587,4.091499999999996,-6.523263,151.5464,-265.3955,-0.9967,-0.04263457,0.06907385,-0.0003043609,-13.94924,137.2193,-301.8392,0.9033909,0.3899278,-0.05279031,0.1704532,18.95973,134.7425,-298.4705,0.6011873,0.7893198,-0.01647356,-0.1235991
196,2801.0000000000446,4.106499999999983,-6.478405,151.5666,-265.3954,-0.9966624,-0.04227735,0.06983434,-4.714401e-05,-13.91262,137.2544,-301.8246,0.902939,0.3907004,-0.05393863,0.1707189,18.58329,134.3978,-298.3369,0.6010307,0.788955,-0.007324845,-0.1275087
197,2813.4999999999764,4.1189999999999145,-6.444108,151.5836,-265.4,-0.9965827,-0.04277927,0.07065539,0.0007630952,-13.90424,137.2791,-301.8405,0.9023347,0.3921215,-0.05508009,0.1702912,18.09549,134.1659,-298.0008,0.605583,0.7845166,-0.004576981,-0.1333493
198,2827.5999999999613,4.133099999999899,-6.412255999999999,151.5923,-265.4104,-0.996493,-0.04335866,0.07155444,0.001387034,-13.897109999999998,137.3019,-301.8561,0.9017532,0.3934524,-0.0562183,0.1699294,17.64629,133.92409999999998,-297.6915,0.6088951,0.7810565,-0.001711428,-0.1385451
199,2840.50000000002,4.145999999999958,-6.373942,151.5757,-265.4228,-0.9964064,-0.04360182,0.07259441,0.001848465,-13.86076,137.3239,-301.896,0.9011219,0.3952639,-0.0574469,0.1686585,17.80441,133.6807,-297.7154,0.6172658,0.7741316,-0.0004911721,-0.1403672
200,2854.600000000005,4.160099999999943,-6.338178999999999,151.5635,-265.4333,-0.9963343,-0.04330312,0.07373265,0.00250929,-13.80953,137.3311,-301.9279,0.9014243,0.3951636,-0.05763537,0.1672066,18.05801,133.6069,-297.82980000000003,0.6272075,0.7669202,-0.004206032,-0.135744
201,2869.199999999978,4.174699999999916,-6.300973999999999,151.5692,-265.4388,-0.9962853,-0.04273264,0.07470497,0.002969044,-13.76173,137.3383,-301.9588,0.9016786,0.395112,-0.05788791,0.1658648,18.29066,133.5167,-297.9336,0.6359319,0.7604397,-0.007403493,-0.1314055
202,2883.299999999963,4.188799999999901,-6.267178,151.5823,-265.4452,-0.9961953,-0.042841,0.07582153,0.003279207,-13.67279,137.40019999999998,-301.9812,0.90306,0.3931276,-0.05523255,0.1639598,18.38719,133.4525,-298.0479,0.6398377,0.7573493,-0.006961375,-0.1303126
203,2896.8999999999596,4.202399999999898,-6.231368000000001,151.58350000000002,-265.45930000000004,-0.9961005,-0.04327741,0.07679965,0.003555245,-13.598,137.4356,-301.9751,0.904001,0.3912786,-0.05296189,0.1639458,18.38935,133.4043,-298.1386,0.6418791,0.7560173,-0.01212695,-0.1276011
204,2910.7999999999947,4.216299999999933,-6.205058,151.5787,-265.4725,-0.9960308,-0.04322772,0.07770552,0.003987404,-13.49783,137.4872,-301.9722,0.9050177,0.3891117,-0.04980835,0.1644813,18.39427,133.4312,-298.2101,0.6443214,0.7540101,-0.01823565,-0.1264362
205,2924.8999999999796,4.230399999999918,-6.181896,151.5632,-265.4889,-0.9959797,-0.0431421,0.0783819,0.004411733,-13.40221,137.5364,-301.9705,0.9059561,0.3870867,-0.04688433,0.1649524,18.40129,133.4437,-298.2782,0.6465631,0.7521313,-0.02390325,-0.1252334
206,2938.4999999999764,4.2439999999999145,-6.154966,151.5558,-265.496,-0.9959752,-0.04222174,0.07891051,0.004903958,-13.38392,137.5665,-301.9733,0.9068819,0.3853242,-0.04611534,0.1642066,18.50101,133.5866,-298.28000000000003,0.6485148,0.7507184,-0.02529711,-0.1233307
207,2952.4999999999864,4.2579999999999245,-6.123698,151.5624,-265.4976,-0.9959774,-0.04129037,0.07935607,0.005167503,-13.32839,137.5933,-301.9338,0.9065259,0.3862835,-0.04480529,0.164282,18.62657,133.7279,-298.2765,0.6520172,0.7476421,-0.02321625,-0.1239596
208,2967.999999999961,4.273499999999899,-6.096208,151.5572,-265.50280000000004,-0.995938,-0.04145814,0.07974026,0.00549591,-13.2731,137.62,-301.8971,0.9062134,0.3871345,-0.04352412,0.1643461,18.74645,133.8534,-298.2753,0.6553261,0.7447168,-0.02137741,-0.1244494
209,2985.300000000052,4.29079999999999,-6.080222,151.5446,-265.51300000000003,-0.9959127,-0.04128278,0.08009597,0.006195158,-13.23231,137.6015,-301.8377,0.9058437,0.3873933,-0.0444876,0.1655129,18.87552,134.0173,-298.2586,0.6594936,0.7407532,-0.02036911,-0.1262463
210,2997.8999999999587,4.303399999999897,-6.066751,151.5407,-265.515,-0.9959421,-0.04033165,0.08017352,0.0067065,-13.18628,137.5564,-301.83270000000005,0.9058883,0.3869716,-0.04458219,0.166228,18.98829,134.20080000000002,-298.2465,0.666221,0.7337172,-0.01889393,-0.1321046
211,3010.3000000000293,4.315799999999967,-6.056630999999999,151.539,-265.516,-0.9959503,-0.03972526,0.08037447,0.006703866,-13.18936,137.5059,-301.85360000000003,0.9062835,0.38572,-0.04705682,0.1663006,19.03158,134.3896,-298.2162,0.6716044,0.7278088,-0.01641291,-0.1377409
212,3022.4000000000615,4.3279,-6.045747,151.5379,-265.52090000000004,-0.9959618,-0.03943303,0.08037297,0.006729289,-13.18957,137.4592,-301.873,0.9066546,0.3845322,-0.04933551,0.1663682,19.07606,134.5675,-298.1884,0.6767234,0.7220767,-0.01408446,-0.1430117
213,3034.999999999968,4.340499999999906,-6.015611,151.525,-265.523,-0.9959751,-0.03916457,0.08033021,0.006838263,-13.1771,137.435,-301.9134,0.9070095,0.3837999,-0.05003196,0.1659164,19.06984,134.8787,-298.1047,0.6792542,0.7194399,-0.009533525,-0.144669
214,3049.3000000000166,4.354799999999955,-6.013823,151.5217,-265.5248,-0.9959936,-0.03903332,0.08015667,0.006944129,-13.1724,137.3888,-301.9285,0.9073831,0.3824878,-0.05206636,0.1662773,19.04093,135.1105,-298.0091,0.6831304,0.7155344,-0.008102626,-0.1458693
215,3063.8000000000147,4.369299999999953,-6.021953,151.5213,-265.5294,-0.9960153,-0.03901712,0.07989079,0.006995948,-13.16637,137.3448,-301.943,0.9077416,0.3812185,-0.05400383,0.1666169,19.01662,135.33329999999998,-297.9187,0.6869425,0.7116352,-0.006700635,-0.1471063
216,3077.3000000000366,4.382799999999975,-6.029999,151.5217,-265.5287,-0.996065,-0.03882419,0.07937858,0.006798909,-13.11873,137.335,-301.9691,0.9077711,0.3812546,-0.0531472,0.166649,19.05916,135.6464,-297.8478,0.6902061,0.7086323,-0.005257368,-0.1463839
217,3091.5999999999713,4.397099999999909,-6.047916,151.52509999999998,-265.5313,-0.9961013,-0.03880772,0.07893538,0.006748865,-13.15668,137.2922,-301.9427,0.9075669,0.3816508,-0.05339706,0.1667742,19.09328,135.816,-297.8269,0.6915525,0.7078415,-0.007128388,-0.1437528
218,3105.4000000000315,4.41089999999997,-6.069171,151.5282,-265.5407,-0.9961292,-0.03903694,0.0784957,0.006412588,-13.19132,137.2506,-301.9182,0.9073916,0.3819709,-0.05369246,0.1669008,19.12675,135.9838,-297.8049,0.6930191,0.7068651,-0.008811057,-0.1413809
219,3119.000000000028,4.424499999999966,-6.094372,151.53369999999998,-265.5521,-0.9961793,-0.03939795,0.07772832,0.005735668,-13.20034,137.2223,-301.91560000000004,0.9074112,0.3812755,-0.0521732,0.1688543,19.1937,136.1355,-297.853,0.6930193,0.7067935,-0.007898271,-0.1417913
220,3133.100000000013,4.438599999999951,-6.151377999999999,151.55540000000002,-265.5744,-0.9962167,-0.0401011,0.07694181,0.004914677,-13.250329999999998,137.2066,-301.9191,0.9069183,0.38152,-0.05415791,0.1703187,19.32076,136.2282,-297.9478,0.6944478,0.7043285,-0.008029491,-0.1469665
221,3147.000000000048,4.452499999999986,-6.178331,151.555,-265.5897,-0.9962687,-0.04065643,0.07602566,0.003973329,-13.29744,137.1901,-301.9221,0.9064578,0.3817215,-0.05605337,0.1716999,19.44193,136.3243,-298.0352,0.6959257,0.7018392,-0.0081487,-0.1517986
222,3161.5000000000464,4.4669999999999845,-6.200504,151.5625,-265.59590000000003,-0.9963529,-0.04058878,0.07501405,0.002554212,-13.28939,137.1718,-301.8763,0.9058392,0.3821818,-0.05534378,0.174154,19.59693,136.394,-298.1345,0.6932498,0.7035573,-0.005465478,-0.1561475
223,3175.100000000043,4.480599999999981,-6.215394,151.5631,-265.6042,-0.9964386,-0.04078563,0.07378926,0.001395498,-13.359380000000002,137.1009,-301.8238,0.9061537,0.3809201,-0.05542082,0.1752539,19.63646,136.3277,-298.219,0.6891255,0.7067437,-0.005659312,-0.1599606
224,3188.70000000004,4.494199999999978,-6.226969,151.5649,-265.6211,-0.9965147,-0.04103915,0.07261436,0.001116232,-13.42618,137.03289999999998,-301.7743,0.9064339,0.3797348,-0.05556318,0.1763283,19.67776,136.2735,-298.2994,0.6853882,0.7095283,-0.005833,-0.1636417
225,3202.4000000000115,4.50789999999995,-6.240141,151.5644,-265.64070000000004,-0.9965919,-0.04132744,0.07138217,0.001127466,-13.48406,136.93820000000002,-301.6647,0.9067162,0.378586,-0.05703333,0.176877,19.7098,136.1301,-298.351,0.6781424,0.7158319,-0.003486335,-0.1664196
226,3216.000000000008,4.521499999999946,-6.2489870000000005,151.56879999999998,-265.66290000000004,-0.9966787,-0.04145119,0.07008503,0.001235412,-13.55865,136.7591,-301.489,0.9067891,0.3790488,-0.05950272,0.1746854,19.69775,135.93269999999998,-298.3712,0.6695354,0.7235578,0.001447141,-0.1678821
227,3230.000000000018,4.535499999999956,-6.257606,151.58169999999998,-265.6891,-0.9967443,-0.04193046,0.06885479,0.001342062,-13.63671,136.4505,-301.30490000000003,0.9075725,0.3766626,-0.06366649,0.1743106,19.65838,135.5786,-298.2655,0.6584328,0.7340075,0.01200405,-0.1659974
228,3243.3999999999514,4.54889999999989,-6.26564,151.5917,-265.7182,-0.996782,-0.0429391,0.06767835,0.001297466,-13.71255,136.1566,-301.1297,0.9082897,0.3743785,-0.06762236,0.1740047,19.62427,135.2467,-298.1678,0.6477551,0.7435912,0.02192855,-0.1643307
229,3257.2000000000116,4.56269999999995,-6.27017,151.59910000000002,-265.7549,-0.996819,-0.04387944,0.06652569,0.0008981617,-13.81601,135.6986,-300.82710000000003,0.9075093,0.3760538,-0.0730145,0.1722774,19.53945,134.6827,-297.8455,0.6425662,0.7471019,0.03711221,-0.1660424
230,3271.2000000000216,4.57669999999996,-6.263518,151.5983,-265.7981,-0.996847,-0.04481595,0.06548017,0.0002976586,-13.74918,135.2304,-299.3797,0.905856,0.3798876,-0.07816339,0.1702966,19.0787,133.9889,-296.9905,0.6452106,0.7432324,0.04742035,-0.1704705
231,3286.100000000033,4.591599999999971,-6.253588000000001,151.5953,-265.8469,-0.9968644,-0.04563654,0.06464214,-0.0002607708,-13.68923,134.7804,-298.0097,0.9042843,0.3833856,-0.08311981,0.1684532,18.64526,133.3282,-296.1833,0.6472907,0.7397459,0.05734947,-0.1746478
232,3299.70000000003,4.605199999999968,-6.242371,151.5937,-265.9007,-0.9968792,-0.04657486,0.06373085,-0.0009719739,-13.56485,133.9018,-297.5509,0.8983184,0.3935248,-0.09348729,0.1715296,18.51019,132.5531,-295.9667,0.6472422,0.7399762,0.06519622,-0.1710625
233,3313.4000000000015,4.61889999999994,-6.229293,151.5945,-265.9619,-0.9968842,-0.04757608,0.06289245,-0.001707526,-13.31296,133.1235,-296.6308,0.897015,0.3953831,-0.09452423,0.1734983,18.14209,131.2373,-295.60940000000005,0.6386783,0.7412355,0.08983779,-0.1859813
234,3327.5999999999613,4.633099999999899,-6.209576,151.6078,-266.0275,-0.9968922,-0.04847158,0.06203289,-0.002911497,-13.0765,132.3751,-295.7285,0.8957467,0.3971711,-0.095716,0.1753037,17.78586,129.9797,-295.2528,0.6299984,0.7418374,0.1132247,-0.199899
235,3341.9000000000096,4.647399999999948,-6.175256,151.6311,-266.1047,-0.9968653,-0.04990001,0.06120336,-0.00487351,-13.23214,131.3328,-295.3609,0.8958452,0.3969733,-0.09693801,0.1745752,16.78445,129.0062,-293.3563,0.6422485,0.729504,0.1159672,-0.2046763
236,3354.7999999999547,4.660299999999893,-6.141818000000001,151.6739,-266.189,-0.9967985,-0.05174488,0.06061571,-0.006405647,-13.46709,130.1385,-294.507,0.8985758,0.389054,-0.1095828,0.1708511,16.00255,127.4945,-291.865,0.6627032,0.7130454,0.1103043,-0.200559
237,3369.199999999978,4.674699999999916,-6.105196,151.70170000000002,-266.289,-0.9966656,-0.05496657,0.05991105,-0.006863808,-13.73184,128.51930000000002,-294.10310000000004,0.8986772,0.3843414,-0.1236408,0.171388,16.07699,125.6331,-291.4245,0.6885382,0.6863273,0.1084618,-0.2076203
238,3382.7,4.688199999999938,-6.081772,151.7072,-266.38980000000004,-0.9965475,-0.05792074,0.05920001,-0.005792408,-13.97793,126.9608,-293.682,0.8985407,0.3798856,-0.1370039,0.1718758,16.1338,123.8326,-290.9874,0.7117249,0.6602804,0.1073323,-0.2143765
239,3396.2999999999965,4.701799999999935,-6.05514,151.7,-266.4848,-0.9965093,-0.05936564,0.05848732,-0.004927608,-14.17885,125.0478,-293.3142,0.9007958,0.3717079,-0.1492194,0.167731,16.31666,121.535,-290.75690000000003,0.7312026,0.6317842,0.1245449,-0.2251223
240,3410.3999999999814,4.71589999999992,-6.025457,151.6842,-266.5764,-0.9965082,-0.05989577,0.05800156,-0.004428103,-14.31382,123.506,-292.7271,0.904424,0.357095,-0.1616431,0.1684398,15.989629999999998,119.5962,-290.3607,0.741349,0.612668,0.1301484,-0.2410413
241,3423.7000000000535,4.729199999999992,-6.001639,151.6685,-266.6763,-0.9965361,-0.05998237,0.0574844,-0.003669607,-14.444399999999998,121.9968,-292.13960000000003,0.9074656,0.3431572,-0.1736919,0.169058,15.67411,117.6986,-289.9642,0.7507596,0.5935404,0.1357519,-0.2562056
242,3437.1999999999616,4.7426999999999,-5.969846,151.6781,-266.77430000000004,-0.9965717,-0.06009831,0.05673628,-0.003764647,-14.79124,119.4809,-291.6892,0.9126905,0.3193921,-0.1883981,0.1717295,15.44123,115.1421,-289.0804,0.7699397,0.5599086,0.1407955,-0.2717941
243,3451.400000000035,4.756899999999973,-5.929136,151.70950000000002,-266.8716,-0.996543,-0.06083642,0.05641365,-0.004299783,-15.03505,117.6468,-291.0046,0.9206779,0.2897256,-0.1942495,0.175153,15.14297,113.3189,-287.8837,0.7950153,0.5241181,0.1278644,-0.2773113
244,3465.2999999999565,4.770799999999895,-5.888307,151.738,-266.9879,-0.9964275,-0.06295302,0.05611347,-0.004522058,-15.26999,115.8491,-290.3256,0.927329,0.2612311,-0.2001448,0.178217,14.8504,111.5142,-286.7332,0.817351,0.4885278,0.1159256,-0.2825584
245,3479.1000000000167,4.784599999999955,-5.846179,151.75240000000002,-267.1147,-0.9962999,-0.06510897,0.05593445,-0.00431579,-15.53708,112.5796,-290.0214,0.9405409,0.215695,-0.1939212,0.1767849,15.080089999999998,107.7946,-286.2141,0.8456177,0.4444859,0.09590495,-0.2795805
246,3493.1000000000267,4.798599999999965,-5.80641,151.7553,-267.2332,-0.9962463,-0.06620358,0.05564272,-0.00380723,-15.79318,110.4968,-289.4372,0.9514267,0.1780678,-0.1851633,0.1696866,15.01463,106.0569,-285.3895,0.8730639,0.3985925,0.07520983,-0.2706048
247,3507.2000000000116,4.81269999999995,-5.768192,151.748,-267.348,-0.9962405,-0.06649093,0.05544505,-0.003113434,-16.04298,108.4494,-288.8511,0.9602315,0.1415295,-0.177192,0.1628738,14.93945,104.3218,-284.5724,0.8966257,0.3527279,0.05554694,-0.2618394
248,3520.6000000000586,4.826099999999997,-5.726408999999999,151.72639999999998,-267.4581,-0.9962553,-0.06652812,0.0551917,-0.001858453,-16.497310000000002,105.1406,-288.3619,0.9682268,0.09668393,-0.1693697,0.1565339,14.88287,101.3507,-284.0736,0.9205024,0.309357,0.041327,-0.2350862
249,3534.8000000000184,4.8402999999999565,-5.688369,151.68710000000002,-267.5652,-0.9963217,-0.06578556,0.054912,-0.0002985965,-16.94416,102.8785,-287.59860000000003,0.974198,0.06651641,-0.1636653,0.1404548,14.84329,99.09902,-283.5529,0.9380541,0.2711231,0.03508154,-0.212876
250,3548.7000000000535,4.854199999999992,-5.647731,151.6532,-267.66290000000004,-0.9964477,-0.06384767,0.05490825,0.0006443942,-17.35489,99.63709,-286.8552,0.9804755,0.01357286,-0.1582069,0.1159915,14.59484,96.67141,-282.6598,0.9509726,0.2269622,0.03391534,-0.2073383
251,3563.099999999963,4.868599999999901,-5.604398,151.62279999999998,-267.7566,-0.996583,-0.06165766,0.05494874,0.001232239,-17.75434,96.47331,-286.1193,0.9832317,-0.0378449,-0.1525758,0.0924326,14.35081,94.2795,-281.7746,0.9617277,0.18277,0.03219548,-0.2015896
252,3576.69999999996,4.882199999999898,-5.5611250000000005,151.6096,-267.84430000000003,-0.9967246,-0.05922936,0.0550215,0.002145901,-18.22214,95.2231,-285.3277,0.9810207,-0.09469715,-0.1570104,0.06307574,14.25326,91.84886,-281.1181,0.9689236,0.131454,0.02934921,-0.2074742
253,3590.8000000000584,4.8962999999999965,-5.531967,151.5978,-267.9398,-0.9968161,-0.05766815,0.05495681,0.003442294,-19.36079,91.08212,-284.4266,0.9744928,-0.1382603,-0.1716857,0.04209366,14.03653,89.42713,-279.83570000000003,0.9770652,0.06583417,0.03188524,-0.1999819
254,3604.9000000000424,4.910399999999981,-5.509543,151.5981,-268.0317,-0.9968778,-0.05647391,0.05495214,0.005055929,-20.45112,87.04148,-283.5396,0.965714,-0.1810345,-0.1848178,0.02157104,13.820859999999998,87.02881000000001,-278.58070000000004,0.9808488,0.001498424,0.03372645,-0.1918228
255,3618.3999999999514,4.92389999999989,-5.48923,151.6054,-268.122,-0.9969133,-0.05559693,0.05502893,0.006692742,-21.28005,83.784,-282.9155,0.9502816,-0.2500954,-0.1843272,0.02098898,13.85401,85.1207,-277.5534,0.9812905,-0.06449217,0.04135054,-0.1766347
256,3632.600000000025,4.938099999999963,-5.467784,151.598,-268.2127,-0.9969276,-0.05501433,0.05518926,0.007939203,-21.48361,83.8319,-281.2442,0.9317499,-0.3085652,-0.1896907,0.02543867,13.93034,83.27991999999999,-276.0386,0.9776144,-0.1422286,0.05374458,-0.1454399
257,3646.2000000000216,4.95169999999996,-5.448449,151.5735,-268.2992,-0.9969593,-0.05400065,0.05545514,0.008986651,-21.71185,83.69625,-279.6265,0.9102383,-0.3646292,-0.1941684,0.02847224,13.99009,81.419,-274.55400000000003,0.9671746,-0.2172723,0.06472591,-0.1147896
258,3659.49999999998,4.964999999999918,-5.4334880000000005,151.5497,-268.3829,-0.9970021,-0.05272444,0.0557521,0.009944197,-21.17801,85.24540999999999,-279.0206,0.8689262,-0.4548628,-0.18194,0.07046294,13.92064,81.30566999999999,-273.3117,0.9537245,-0.2755872,0.07723379,-0.09217453
259,3673.49999999999,4.978999999999928,-5.418444,151.528,-268.4562,-0.9970636,-0.05116415,0.05599762,0.0105282,-20.97125,85.85101,-278.1643,0.8383859,-0.5068686,-0.167641,0.1099537,14.02363,78.96855000000001,-271.6186,0.9434688,-0.3136904,0.07440665,-0.0769981
260,3687.8000000000384,4.9932999999999765,-5.407178,151.5111,-268.5208,-0.9971254,-0.04938896,0.05641677,0.01089696,-20.80491,86.30666000000001,-277.293,0.803977,-0.5557321,-0.1535708,0.1455987,16.03224,71.89316,-271.128,0.9259907,-0.3545212,0.1168849,-0.05651508
