delta_time_ms,head_pos_x,head_pos_y,head_pos_z,head_rot_x,head_rot_y,head_rot_z,head_rot_w,left_hand_pos_x,left_hand_pos_y,left_hand_pos_z,left_hand_rot_x,left_hand_rot_y,left_hand_rot_z,left_hand_rot_w,right_hand_pos_x,right_hand_pos_y,right_hand_pos_z,right_hand_rot_x,right_hand_rot_y,right_hand_rot_z,right_hand_rot_w
0,11.097,154.289,10.36,-0.317,-0.752,-0.315,0.484,29.627,112.295,-5.806,0.066,-0.68,0.075,0.726,36.027,131.691,25.228,0.176,-0.713,0.157,0.66
28,11.109,154.312,10.352,-0.317,-0.752,-0.315,0.484,29.657,112.278,-5.898,0.066,-0.679,0.075,0.727,36.018,131.63,25.227,0.179,-0.713,0.152,0.661
56,11.122,154.336,10.338,-0.317,-0.753,-0.314,0.484,29.693,112.254,-5.992,0.066,-0.678,0.075,0.728,35.996,131.574,25.21,0.182,-0.712,0.148,0.662
84,11.141,154.375,10.313,-0.317,-0.753,-0.314,0.485,29.732,112.252,-6.053,0.065,-0.678,0.075,0.729,35.962,131.505,25.199,0.183,-0.712,0.146,0.662
113,11.17,154.426,10.268,-0.316,-0.753,-0.312,0.485,29.771,112.248,-6.114,0.065,-0.677,0.075,0.729,35.927,131.403,25.165,0.182,-0.713,0.145,0.662
140,11.208,154.506,10.2,-0.316,-0.753,-0.311,0.487,29.822,112.262,-6.163,0.064,-0.676,0.076,0.73,35.873,131.233,25.126,0.183,-0.713,0.142,0.662
167,11.255,154.601,10.114,-0.315,-0.753,-0.309,0.489,29.827,112.3,-6.224,0.064,-0.675,0.077,0.731,35.816,131.022,25.079,0.184,-0.713,0.138,0.662
192,11.313,154.705,10.013,-0.315,-0.752,-0.306,0.492,29.834,112.329,-6.282,0.064,-0.674,0.078,0.732,35.775,130.755,24.997,0.184,-0.713,0.134,0.663
222,11.401,154.83,9.828,-0.314,-0.751,-0.302,0.496,29.858,112.446,-6.412,0.064,-0.672,0.079,0.733,35.752,130.356,24.876,0.184,-0.712,0.127,0.665
249,11.482,154.991,9.634,-0.314,-0.75,-0.298,0.501,29.861,112.547,-6.563,0.064,-0.67,0.081,0.735,35.742,129.925,24.726,0.181,-0.712,0.121,0.667
276,11.583,155.18,9.369,-0.313,-0.747,-0.292,0.509,29.851,112.669,-6.729,0.065,-0.667,0.082,0.737,35.707,129.414,24.531,0.178,-0.712,0.116,0.669
301,11.72,155.406,9.008,-0.312,-0.742,-0.286,0.519,29.825,112.803,-6.934,0.067,-0.665,0.083,0.739,35.645,128.859,24.3,0.175,-0.711,0.111,0.672
330,11.904,155.722,8.491,-0.31,-0.734,-0.276,0.537,29.763,112.995,-7.167,0.074,-0.662,0.082,0.742,35.509,128.118,23.976,0.172,-0.71,0.104,0.675
360,12.126,156.113,7.792,-0.307,-0.722,-0.263,0.561,29.664,113.268,-7.411,0.087,-0.659,0.078,0.743,35.308,127.209,23.545,0.168,-0.707,0.096,0.68
387,12.331,156.497,7.038,-0.303,-0.708,-0.251,0.587,29.532,113.557,-7.666,0.1,-0.656,0.075,0.744,35.071,126.243,23.065,0.161,-0.705,0.089,0.685
413,12.476,156.894,6.193,-0.297,-0.691,-0.238,0.614,29.383,113.862,-7.968,0.111,-0.653,0.073,0.745,34.784,125.124,22.521,0.153,-0.701,0.081,0.691
445,12.58,157.384,5.096,-0.29,-0.668,-0.223,0.648,29.217,114.214,-8.41,0.12,-0.65,0.071,0.747,34.404,123.629,21.761,0.141,-0.696,0.068,0.7
473,12.589,157.831,4.055,-0.283,-0.644,-0.209,0.679,29.025,114.491,-8.84,0.128,-0.647,0.069,0.749,33.98,122.175,21.0,0.132,-0.691,0.053,0.709
501,12.516,158.254,3.051,-0.276,-0.621,-0.197,0.707,28.817,114.745,-9.306,0.138,-0.643,0.065,0.75,33.499,120.699,20.21,0.123,-0.685,0.034,0.717
530,12.345,158.664,2.034,-0.268,-0.596,-0.186,0.734,28.589,114.998,-9.866,0.147,-0.639,0.061,0.753,32.982,119.076,19.271,0.115,-0.678,0.011,0.726
559,12.064,159.038,1.124,-0.262,-0.572,-0.177,0.757,28.365,115.22,-10.506,0.152,-0.633,0.057,0.757,32.455,117.478,18.194,0.105,-0.67,-0.011,0.735
589,11.711,159.395,0.341,-0.256,-0.552,-0.172,0.775,28.122,115.407,-11.208,0.151,-0.627,0.057,0.762,31.931,116.055,17.059,0.098,-0.66,-0.038,0.744
615,11.395,159.713,-0.24,-0.251,-0.538,-0.167,0.787,27.865,115.57,-11.904,0.148,-0.622,0.057,0.767,31.479,114.918,15.968,0.092,-0.649,-0.06,0.752
644,11.09,160.054,-0.776,-0.245,-0.526,-0.162,0.798,27.534,115.802,-12.6,0.148,-0.615,0.058,0.772,31.111,114.009,14.755,0.087,-0.639,-0.077,0.76
673,10.839,160.409,-1.23,-0.238,-0.517,-0.155,0.808,27.148,116.08,-13.267,0.152,-0.609,0.058,0.776,30.825,113.367,13.481,0.083,-0.63,-0.088,0.767
701,10.701,160.75,-1.573,-0.23,-0.512,-0.147,0.814,26.751,116.324,-13.814,0.157,-0.604,0.057,0.779,30.684,113.009,12.277,0.081,-0.621,-0.093,0.774
731,10.608,161.132,-1.892,-0.222,-0.51,-0.139,0.82,26.289,116.525,-14.362,0.161,-0.599,0.056,0.782,30.619,112.797,10.884,0.077,-0.61,-0.094,0.783
759,10.556,161.459,-2.163,-0.214,-0.509,-0.132,0.823,25.827,116.618,-14.852,0.163,-0.595,0.054,0.785,30.633,112.771,9.503,0.074,-0.598,-0.091,0.793
788,10.522,161.745,-2.396,-0.207,-0.508,-0.126,0.826,25.35,116.611,-15.29,0.163,-0.59,0.052,0.789,30.718,112.875,8.166,0.072,-0.587,-0.086,0.802
815,10.51,161.969,-2.602,-0.202,-0.508,-0.12,0.829,24.882,116.541,-15.65,0.162,-0.586,0.051,0.792,30.831,113.055,6.927,0.071,-0.576,-0.081,0.81
844,10.494,162.162,-2.807,-0.196,-0.507,-0.116,0.831,24.362,116.396,-15.98,0.161,-0.582,0.049,0.796,30.913,113.274,5.626,0.072,-0.563,-0.074,0.82
873,10.508,162.306,-2.991,-0.191,-0.507,-0.113,0.833,23.852,116.203,-16.23,0.159,-0.578,0.046,0.799,30.939,113.445,4.438,0.072,-0.55,-0.068,0.829
901,10.549,162.418,-3.135,-0.186,-0.507,-0.111,0.834,23.383,115.961,-16.427,0.156,-0.575,0.044,0.802,30.935,113.547,3.375,0.07,-0.538,-0.062,0.838
929,10.63,162.518,-3.232,-0.183,-0.507,-0.11,0.835,22.941,115.661,-16.573,0.151,-0.573,0.041,0.805,30.887,113.592,2.424,0.067,-0.526,-0.057,0.846
957,10.738,162.598,-3.276,-0.18,-0.509,-0.111,0.835,22.566,115.351,-16.662,0.147,-0.57,0.038,0.807,30.804,113.621,1.669,0.064,-0.516,-0.053,0.852
985,10.899,162.669,-3.234,-0.177,-0.512,-0.112,0.833,22.206,115.046,-16.693,0.145,-0.567,0.033,0.81,30.661,113.622,1.008,0.062,-0.508,-0.051,0.858
1013,11.137,162.705,-3.043,-0.175,-0.518,-0.116,0.829,21.886,114.777,-16.644,0.143,-0.565,0.028,0.812,30.453,113.598,0.496,0.06,-0.5,-0.05,0.863
1041,11.4,162.737,-2.743,-0.172,-0.529,-0.121,0.822,21.635,114.59,-16.527,0.141,-0.565,0.025,0.813,30.218,113.508,0.164,0.057,-0.493,-0.05,0.867
1068,11.721,162.744,-2.289,-0.169,-0.546,-0.127,0.811,21.434,114.477,-16.388,0.139,-0.563,0.024,0.814,29.975,113.35,-0.075,0.052,-0.486,-0.05,0.871
1096,12.08,162.705,-1.706,-0.168,-0.566,-0.133,0.796,21.264,114.412,-16.252,0.136,-0.561,0.026,0.816,29.713,113.113,-0.235,0.045,-0.479,-0.05,0.875
1128,12.492,162.568,-0.911,-0.168,-0.59,-0.141,0.777,21.14,114.351,-16.055,0.133,-0.558,0.03,0.819,29.472,112.803,-0.287,0.037,-0.472,-0.053,0.879
1156,12.858,162.407,-0.142,-0.169,-0.61,-0.147,0.76,21.111,114.276,-15.831,0.132,-0.556,0.031,0.82,29.331,112.556,-0.217,0.032,-0.466,-0.057,0.882
1184,13.196,162.246,0.61,-0.17,-0.628,-0.153,0.744,21.146,114.177,-15.607,0.131,-0.555,0.032,0.821,29.287,112.374,-0.049,0.028,-0.462,-0.061,0.885
1210,13.533,162.115,1.344,-0.172,-0.643,-0.157,0.729,21.252,114.071,-15.366,0.131,-0.553,0.033,0.822,29.319,112.236,0.188,0.026,-0.458,-0.062,0.886
1239,13.919,162.012,2.135,-0.173,-0.657,-0.161,0.716,21.431,113.928,-15.072,0.131,-0.551,0.031,0.824,29.446,112.168,0.557,0.023,-0.455,-0.06,0.888
1267,14.293,161.961,2.867,-0.173,-0.668,-0.163,0.705,21.647,113.806,-14.776,0.13,-0.549,0.03,0.825,29.606,112.17,0.973,0.021,-0.453,-0.056,0.89
1297,14.74,161.937,3.681,-0.172,-0.678,-0.164,0.695,21.945,113.699,-14.416,0.128,-0.547,0.029,0.827,29.845,112.216,1.51,0.02,-0.451,-0.052,0.891
1333,15.312,161.936,4.692,-0.172,-0.688,-0.164,0.686,22.379,113.636,-13.895,0.125,-0.544,0.029,0.829,30.211,112.326,2.341,0.02,-0.451,-0.048,0.891
1371,15.869,161.952,5.683,-0.172,-0.695,-0.164,0.679,22.891,113.636,-13.238,0.122,-0.543,0.029,0.83,30.638,112.428,3.325,0.022,-0.454,-0.046,0.889
1407,16.399,161.974,6.623,-0.171,-0.7,-0.164,0.674,23.473,113.707,-12.46,0.121,-0.545,0.028,0.829,31.107,112.484,4.422,0.024,-0.461,-0.045,0.886
1439,16.887,161.996,7.488,-0.171,-0.704,-0.165,0.67,24.092,113.808,-11.649,0.121,-0.549,0.028,0.827,31.563,112.492,5.539,0.025,-0.468,-0.044,0.882
1467,17.297,162.006,8.21,-0.17,-0.707,-0.166,0.666,24.667,113.917,-10.928,0.121,-0.553,0.029,0.824,31.965,112.487,6.517,0.024,-0.475,-0.04,0.879
1499,17.78,161.996,9.032,-0.169,-0.711,-0.167,0.662,25.379,114.058,-10.067,0.12,-0.559,0.031,0.82,32.412,112.455,7.695,0.024,-0.483,-0.036,0.874
1529,18.265,161.98,9.846,-0.168,-0.715,-0.169,0.657,26.142,114.214,-9.207,0.117,-0.565,0.035,0.816,32.841,112.405,8.867,0.023,-0.492,-0.033,0.87
1564,18.806,161.944,10.778,-0.167,-0.723,-0.172,0.648,27.033,114.405,-8.245,0.108,-0.573,0.044,0.812,33.277,112.294,10.145,0.022,-0.501,-0.03,0.865
1594,19.312,161.877,11.676,-0.167,-0.732,-0.175,0.637,27.88,114.552,-7.305,0.101,-0.581,0.048,0.806,33.645,112.141,11.308,0.019,-0.51,-0.026,0.86
1626,19.799,161.762,12.585,-0.167,-0.741,-0.179,0.625,28.746,114.679,-6.45,0.085,-0.588,0.056,0.802,33.977,111.939,12.409,0.016,-0.518,-0.024,0.855
1653,20.178,161.622,13.334,-0.168,-0.75,-0.183,0.614,29.482,114.831,-5.781,0.07,-0.593,0.069,0.799,34.209,111.735,13.252,0.012,-0.523,-0.022,0.852
1681,20.538,161.445,14.109,-0.169,-0.758,-0.188,0.601,30.216,114.961,-5.14,0.052,-0.597,0.085,0.796,34.398,111.523,14.079,0.008,-0.528,-0.019,0.849
1711,20.87,161.264,14.886,-0.171,-0.767,-0.193,0.588,30.945,115.083,-4.496,0.035,-0.6,0.099,0.793,34.54,111.358,14.872,0.004,-0.531,-0.014,0.847
1739,21.147,161.117,15.581,-0.172,-0.774,-0.197,0.576,31.622,115.148,-3.789,0.024,-0.607,0.104,0.788,34.612,111.228,15.528,0.001,-0.534,-0.01,0.846
1769,21.391,161.024,16.238,-0.173,-0.781,-0.201,0.566,32.282,115.178,-2.968,0.022,-0.618,0.095,0.78,34.659,111.175,16.169,-0.0,-0.537,-0.007,0.844
1800,21.595,160.99,16.861,-0.173,-0.787,-0.203,0.556,32.896,115.23,-2.193,0.017,-0.628,0.091,0.773,34.673,111.182,16.792,0.0,-0.542,-0.004,0.84
1829,21.746,161.003,17.38,-0.172,-0.792,-0.205,0.548,33.383,115.399,-1.583,0.012,-0.635,0.095,0.766,34.677,111.266,17.35,0.002,-0.548,-0.003,0.836
1858,21.868,161.032,17.873,-0.17,-0.797,-0.207,0.541,33.78,115.604,-1.041,0.008,-0.643,0.099,0.76,34.646,111.366,17.895,0.006,-0.557,-0.003,0.831
1887,21.937,161.056,18.306,-0.168,-0.802,-0.209,0.534,34.137,115.759,-0.493,0.005,-0.652,0.099,0.752,34.617,111.428,18.384,0.009,-0.565,-0.004,0.825
1914,21.975,161.07,18.702,-0.165,-0.806,-0.211,0.528,34.467,115.906,0.052,0.004,-0.662,0.096,0.743,34.544,111.438,18.816,0.011,-0.574,-0.005,0.819
1941,21.992,161.084,19.028,-0.163,-0.809,-0.212,0.524,34.752,116.065,0.493,0.003,-0.67,0.096,0.736,34.468,111.417,19.175,0.012,-0.581,-0.006,0.814
1968,22.003,161.125,19.303,-0.162,-0.811,-0.212,0.521,35.007,116.283,0.903,0.003,-0.678,0.097,0.728,34.352,111.363,19.501,0.013,-0.589,-0.006,0.808
1995,22.013,161.193,19.482,-0.16,-0.811,-0.21,0.521,35.245,116.56,1.32,0.008,-0.688,0.096,0.72,34.218,111.265,19.771,0.014,-0.596,-0.008,0.803
2025,22.02,161.289,19.559,-0.158,-0.81,-0.207,0.525,35.52,116.948,1.755,0.017,-0.699,0.094,0.709,34.048,111.119,20.004,0.015,-0.603,-0.012,0.797
2051,22.009,161.38,19.537,-0.157,-0.808,-0.205,0.529,35.755,117.4,2.067,0.027,-0.707,0.095,0.701,33.884,111.001,20.161,0.016,-0.609,-0.014,0.793
2078,21.993,161.488,19.447,-0.155,-0.805,-0.202,0.536,36.028,117.964,2.34,0.038,-0.712,0.097,0.694,33.698,110.902,20.261,0.017,-0.614,-0.016,0.789
2105,21.974,161.588,19.284,-0.154,-0.8,-0.199,0.544,36.271,118.603,2.554,0.052,-0.716,0.099,0.689,33.526,110.82,20.323,0.019,-0.618,-0.019,0.786
2139,21.934,161.713,18.993,-0.152,-0.793,-0.195,0.557,36.524,119.559,2.809,0.076,-0.72,0.104,0.681,33.329,110.765,20.353,0.021,-0.622,-0.022,0.783
2171,21.887,161.822,18.638,-0.15,-0.785,-0.191,0.57,36.664,120.489,3.087,0.112,-0.723,0.104,0.673,33.214,110.748,20.353,0.023,-0.624,-0.023,0.78
2197,21.835,161.906,18.275,-0.148,-0.776,-0.188,0.583,36.701,121.31,3.346,0.145,-0.724,0.106,0.666,33.136,110.745,20.35,0.025,-0.626,-0.023,0.779
2226,21.751,161.992,17.821,-0.145,-0.767,-0.184,0.598,36.694,122.181,3.541,0.178,-0.721,0.111,0.66,33.079,110.742,20.346,0.026,-0.628,-0.022,0.777
2260,21.632,162.088,17.268,-0.14,-0.756,-0.18,0.613,36.639,122.995,3.667,0.201,-0.718,0.119,0.656,33.075,110.727,20.332,0.027,-0.63,-0.02,0.776
2293,21.488,162.172,16.724,-0.136,-0.746,-0.176,0.628,36.515,123.62,3.718,0.212,-0.716,0.129,0.652,33.102,110.683,20.299,0.027,-0.63,-0.017,0.776
2323,21.341,162.28,16.203,-0.131,-0.737,-0.172,0.641,36.358,124.047,3.681,0.217,-0.715,0.137,0.65,33.139,110.601,20.209,0.027,-0.63,-0.017,0.776
2354,21.188,162.399,15.697,-0.128,-0.728,-0.168,0.652,36.196,124.25,3.573,0.221,-0.712,0.137,0.652,33.191,110.487,20.069,0.025,-0.628,-0.017,0.777
2387,21.024,162.548,15.177,-0.126,-0.719,-0.164,0.663,36.004,124.326,3.424,0.224,-0.709,0.133,0.656,33.238,110.42,19.847,0.022,-0.626,-0.016,0.779
2417,20.862,162.697,14.703,-0.125,-0.711,-0.16,0.673,35.731,124.369,3.215,0.223,-0.705,0.132,0.66,33.245,110.423,19.586,0.018,-0.623,-0.014,0.782
2446,20.688,162.833,14.252,-0.123,-0.703,-0.156,0.682,35.373,124.381,2.92,0.223,-0.7,0.131,0.666,33.194,110.526,19.308,0.017,-0.619,-0.013,0.785
2476,20.493,162.956,13.792,-0.122,-0.696,-0.153,0.691,34.905,124.431,2.579,0.228,-0.693,0.13,0.671,33.123,110.692,18.966,0.018,-0.614,-0.012,0.789
2504,20.298,163.047,13.353,-0.121,-0.689,-0.149,0.699,34.406,124.469,2.212,0.236,-0.686,0.128,0.676,33.043,110.83,18.62,0.02,-0.608,-0.012,0.794
2532,20.109,163.126,12.922,-0.12,-0.683,-0.145,0.706,33.914,124.488,1.856,0.241,-0.68,0.127,0.681,32.973,110.874,18.263,0.02,-0.602,-0.011,0.798
2562,19.9,163.2,12.454,-0.119,-0.677,-0.141,0.713,33.406,124.415,1.395,0.244,-0.675,0.124,0.685,32.904,110.832,17.862,0.018,-0.597,-0.01,0.802
2589,19.715,163.268,12.029,-0.119,-0.671,-0.137,0.719,32.974,124.334,0.954,0.25,-0.67,0.118,0.689,32.864,110.719,17.496,0.015,-0.592,-0.01,0.806
2619,19.495,163.336,11.547,-0.12,-0.664,-0.133,0.726,32.496,124.247,0.428,0.261,-0.663,0.109,0.693,32.816,110.539,16.978,0.011,-0.587,-0.01,0.809
2648,19.279,163.399,11.094,-0.121,-0.657,-0.13,0.733,32.06,124.181,-0.13,0.27,-0.657,0.098,0.697,32.787,110.462,16.553,0.008,-0.582,-0.011,0.813
2676,19.052,163.466,10.634,-0.121,-0.65,-0.127,0.739,31.637,124.147,-0.773,0.273,-0.65,0.088,0.703,32.7,110.435,16.013,0.005,-0.575,-0.011,0.818
2708,18.798,163.523,10.13,-0.122,-0.642,-0.123,0.747,31.213,124.096,-1.641,0.27,-0.64,0.078,0.715,32.565,110.472,15.32,0.004,-0.565,-0.009,0.825
2737,18.54,163.568,9.623,-0.124,-0.633,-0.12,0.754,30.823,124.017,-2.589,0.263,-0.629,0.067,0.729,32.415,110.567,14.579,0.005,-0.554,-0.008,0.833
2766,18.28,163.587,9.092,-0.126,-0.622,-0.117,0.764,30.47,123.853,-3.561,0.256,-0.615,0.049,0.744,32.286,110.655,13.845,0.005,-0.543,-0.007,0.84
2796,17.983,163.567,8.481,-0.129,-0.607,-0.114,0.776,30.078,123.64,-4.559,0.249,-0.601,0.027,0.759,32.16,110.732,13.119,0.005,-0.532,-0.005,0.847
2825,17.656,163.493,7.822,-0.134,-0.589,-0.114,0.789,29.634,123.432,-5.552,0.243,-0.587,0.006,0.773,32.047,110.805,12.384,0.005,-0.521,-0.004,0.853
2856,17.272,163.353,7.064,-0.141,-0.566,-0.114,0.804,29.125,123.158,-6.559,0.234,-0.572,-0.018,0.786,31.946,110.857,11.609,0.006,-0.51,-0.004,0.86
2885,16.865,163.134,6.318,-0.151,-0.542,-0.116,0.818,28.609,122.861,-7.453,0.221,-0.56,-0.04,0.797,31.852,110.882,10.864,0.007,-0.5,-0.004,0.866
2917,16.362,162.804,5.443,-0.165,-0.512,-0.118,0.835,27.916,122.637,-8.439,0.199,-0.549,-0.045,0.811,31.745,110.883,10.032,0.007,-0.49,-0.004,0.872
2946,15.879,162.445,4.647,-0.179,-0.482,-0.12,0.849,27.23,122.387,-9.262,0.179,-0.541,-0.049,0.82,31.636,110.89,9.284,0.007,-0.48,-0.004,0.877
2977,15.292,161.967,3.75,-0.197,-0.446,-0.122,0.864,26.397,122.093,-10.074,0.164,-0.531,-0.055,0.829,31.466,110.889,8.405,0.008,-0.467,-0.004,0.884
3009,14.634,161.408,2.836,-0.217,-0.406,-0.125,0.879,25.508,121.805,-10.797,0.159,-0.521,-0.065,0.836,31.247,110.9,7.513,0.01,-0.453,-0.005,0.891
3039,13.939,160.849,1.974,-0.236,-0.365,-0.128,0.891,24.567,121.505,-11.49,0.157,-0.509,-0.076,0.843,30.975,110.916,6.625,0.012,-0.438,-0.005,0.899
3071,13.185,160.31,1.097,-0.254,-0.323,-0.131,0.902,23.511,121.153,-12.225,0.152,-0.495,-0.085,0.851,30.649,110.904,5.729,0.013,-0.422,-0.007,0.906
3100,12.478,159.9,0.355,-0.267,-0.285,-0.132,0.911,22.502,120.816,-12.867,0.142,-0.483,-0.087,0.859,30.303,110.808,4.928,0.013,-0.407,-0.009,0.913
3131,11.741,159.575,-0.362,-0.278,-0.247,-0.131,0.919,21.383,120.437,-13.519,0.126,-0.473,-0.086,0.868,29.916,110.641,4.108,0.011,-0.391,-0.013,0.92
3163,10.993,159.326,-0.983,-0.287,-0.211,-0.129,0.925,20.184,119.993,-14.157,0.108,-0.461,-0.084,0.877,29.502,110.455,3.283,0.007,-0.373,-0.017,0.928
3191,10.343,159.121,-1.511,-0.294,-0.182,-0.126,0.93,19.042,119.629,-14.715,0.096,-0.448,-0.085,0.885,29.111,110.24,2.526,0.003,-0.356,-0.02,0.934
3223,9.774,159.005,-1.944,-0.299,-0.156,-0.123,0.933,17.781,119.353,-15.282,0.089,-0.431,-0.086,0.894,28.737,110.029,1.761,-0.002,-0.338,-0.023,0.941
3254,9.319,158.973,-2.302,-0.303,-0.135,-0.119,0.936,16.562,119.169,-15.794,0.085,-0.414,-0.084,0.902,28.399,109.856,0.992,-0.007,-0.321,-0.024,0.947
3284,8.975,158.982,-2.618,-0.304,-0.119,-0.114,0.938,15.454,119.076,-16.206,0.082,-0.399,-0.082,0.909,28.083,109.711,0.28,-0.011,-0.303,-0.024,0.952
3312,8.706,159.028,-2.869,-0.303,-0.106,-0.11,0.941,14.452,119.008,-16.55,0.081,-0.385,-0.081,0.916,27.795,109.649,-0.431,-0.014,-0.286,-0.022,0.958
3341,8.466,159.126,-3.126,-0.301,-0.093,-0.104,0.943,13.451,118.967,-16.862,0.082,-0.37,-0.082,0.922,27.522,109.623,-1.228,-0.016,-0.267,-0.018,0.963
3372,8.259,159.317,-3.394,-0.295,-0.081,-0.096,0.947,12.465,118.944,-17.177,0.083,-0.352,-0.084,0.929,27.248,109.605,-2.047,-0.017,-0.249,-0.012,0.968
3402,8.073,159.538,-3.6,-0.289,-0.071,-0.089,0.95,11.551,118.949,-17.432,0.084,-0.333,-0.09,0.935,26.979,109.638,-2.814,-0.017,-0.233,-0.009,0.972
3446,7.828,159.857,-3.803,-0.281,-0.056,-0.08,0.955,10.354,118.977,-17.761,0.085,-0.307,-0.101,0.942,26.619,109.736,-3.958,-0.017,-0.211,-0.007,0.977
3475,7.688,160.033,-3.884,-0.277,-0.047,-0.075,0.957,9.684,118.988,-17.904,0.085,-0.293,-0.112,0.946,26.384,109.87,-4.707,-0.016,-0.197,-0.007,0.98
3503,7.558,160.169,-3.936,-0.275,-0.039,-0.071,0.958,9.125,118.971,-17.983,0.082,-0.282,-0.122,0.948,26.166,110.049,-5.401,-0.014,-0.185,-0.006,0.983
3531,7.451,160.274,-3.957,-0.274,-0.032,-0.067,0.959,8.648,118.989,-18.028,0.079,-0.274,-0.124,0.95,25.929,110.227,-6.065,-0.011,-0.173,-0.007,0.985
3560,7.35,160.362,-3.964,-0.273,-0.026,-0.063,0.96,8.178,119.018,-18.054,0.076,-0.266,-0.118,0.954,25.668,110.425,-6.748,-0.008,-0.163,-0.007,0.987
3587,7.282,160.423,-3.937,-0.272,-0.021,-0.059,0.96,7.786,119.117,-18.125,0.073,-0.258,-0.108,0.957,25.451,110.665,-7.305,-0.005,-0.153,-0.008,0.988
3615,7.221,160.493,-3.894,-0.272,-0.017,-0.056,0.961,7.397,119.197,-18.185,0.071,-0.248,-0.102,0.961,25.201,110.868,-7.862,-0.001,-0.144,-0.01,0.99
3643,7.197,160.552,-3.824,-0.271,-0.015,-0.053,0.961,7.121,119.28,-18.184,0.072,-0.242,-0.103,0.962,24.973,111.051,-8.335,0.002,-0.137,-0.012,0.991
3675,7.195,160.65,-3.729,-0.27,-0.015,-0.05,0.962,6.819,119.319,-18.177,0.07,-0.237,-0.099,0.964,24.73,111.272,-8.876,0.004,-0.129,-0.016,0.992
3709,7.221,160.773,-3.607,-0.267,-0.017,-0.047,0.962,6.489,119.351,-18.151,0.065,-0.231,-0.092,0.966,24.565,111.515,-9.331,0.007,-0.124,-0.022,0.992
3748,7.281,160.926,-3.445,-0.264,-0.02,-0.042,0.963,6.05,119.348,-18.144,0.057,-0.22,-0.08,0.97,24.519,111.841,-9.808,0.011,-0.122,-0.037,0.992
3781,7.35,161.067,-3.301,-0.261,-0.023,-0.038,0.964,5.684,119.33,-18.131,0.051,-0.212,-0.068,0.974,24.455,112.195,-10.179,0.016,-0.118,-0.048,0.992
3811,7.413,161.205,-3.163,-0.258,-0.024,-0.034,0.965,5.358,119.329,-18.098,0.048,-0.204,-0.06,0.976,24.315,112.623,-10.53,0.023,-0.109,-0.051,0.992
3839,7.475,161.337,-3.044,-0.256,-0.025,-0.029,0.966,5.044,119.317,-18.039,0.046,-0.196,-0.057,0.978,24.156,113.092,-10.872,0.031,-0.1,-0.052,0.993
3866,7.53,161.437,-2.954,-0.254,-0.024,-0.026,0.967,4.8,119.276,-17.972,0.046,-0.19,-0.06,0.979,24.02,113.546,-11.164,0.038,-0.092,-0.051,0.994
3896,7.571,161.509,-2.869,-0.252,-0.021,-0.022,0.967,4.571,119.19,-17.872,0.045,-0.184,-0.067,0.98,23.895,114.059,-11.493,0.046,-0.085,-0.047,0.994
3927,7.579,161.499,-2.804,-0.253,-0.014,-0.018,0.967,4.378,119.082,-17.752,0.044,-0.179,-0.075,0.98,23.702,114.586,-11.828,0.056,-0.076,-0.04,0.995
3958,7.527,161.401,-2.734,-0.256,-0.003,-0.014,0.966,4.184,118.982,-17.618,0.042,-0.174,-0.081,0.981,23.397,115.052,-12.15,0.064,-0.064,-0.036,0.995
3987,7.434,161.233,-2.648,-0.262,0.01,-0.012,0.965,4.008,118.897,-17.46,0.038,-0.169,-0.085,0.981,23.001,115.46,-12.438,0.071,-0.052,-0.034,0.996
4017,7.299,161.012,-2.537,-0.268,0.025,-0.01,0.963,3.845,118.82,-17.303,0.035,-0.166,-0.086,0.982,22.508,115.848,-12.689,0.079,-0.039,-0.034,0.996
4045,7.115,160.755,-2.376,-0.273,0.041,-0.009,0.961,3.653,118.7,-17.089,0.031,-0.162,-0.087,0.983,21.864,116.255,-12.874,0.088,-0.025,-0.034,0.995
4076,6.909,160.49,-2.168,-0.277,0.056,-0.009,0.959,3.428,118.531,-16.843,0.028,-0.157,-0.089,0.983,21.104,116.661,-12.973,0.098,-0.011,-0.028,0.995
4105,6.688,160.241,-1.88,-0.281,0.069,-0.01,0.957,3.171,118.316,-16.55,0.026,-0.151,-0.089,0.984,20.211,117.146,-12.963,0.111,0.004,-0.021,0.994
4131,6.501,160.054,-1.544,-0.284,0.081,-0.01,0.955,2.879,118.048,-16.239,0.023,-0.145,-0.089,0.985,19.269,117.707,-12.871,0.124,0.018,-0.018,0.992
4161,6.328,159.899,-1.085,-0.286,0.091,-0.009,0.954,2.488,117.67,-15.839,0.02,-0.136,-0.091,0.986,18.219,118.425,-12.667,0.14,0.031,-0.02,0.989
4188,6.202,159.833,-0.637,-0.286,0.099,-0.009,0.953,2.074,117.307,-15.396,0.015,-0.126,-0.094,0.987,17.238,119.145,-12.401,0.155,0.041,-0.02,0.987
4216,6.111,159.816,-0.152,-0.286,0.105,-0.007,0.953,1.591,116.97,-14.874,0.01,-0.113,-0.096,0.989,16.195,119.943,-12.082,0.172,0.054,-0.015,0.983
4250,6.047,159.842,0.413,-0.284,0.109,-0.005,0.953,0.966,116.599,-14.167,0.003,-0.096,-0.093,0.991,14.794,120.84,-11.776,0.191,0.073,-0.008,0.979
4276,6.014,159.872,0.847,-0.282,0.111,-0.003,0.953,0.438,116.308,-13.499,-0.004,-0.081,-0.088,0.993,13.789,121.737,-11.591,0.208,0.085,-0.009,0.975
4305,5.986,159.895,1.274,-0.28,0.112,-0.0,0.954,-0.073,116.018,-12.737,-0.01,-0.068,-0.082,0.994,12.803,122.689,-11.537,0.226,0.095,-0.01,0.969
4332,5.95,159.908,1.651,-0.278,0.111,0.001,0.954,-0.529,115.752,-11.965,-0.016,-0.057,-0.077,0.995,11.814,123.615,-11.67,0.243,0.108,-0.011,0.964
4359,5.895,159.92,1.982,-0.276,0.11,0.002,0.955,-0.934,115.492,-11.227,-0.021,-0.048,-0.072,0.996,10.859,124.428,-12.026,0.259,0.118,-0.009,0.959
4384,5.817,159.926,2.266,-0.275,0.108,0.002,0.955,-1.321,115.251,-10.533,-0.026,-0.041,-0.067,0.997,9.929,125.147,-12.613,0.272,0.125,-0.007,0.954
4412,5.711,159.92,2.543,-0.274,0.106,0.002,0.956,-1.757,115.017,-9.852,-0.03,-0.033,-0.062,0.997,8.868,125.828,-13.451,0.287,0.13,-0.004,0.949
4438,5.573,159.902,2.787,-0.274,0.104,0.002,0.956,-2.145,114.798,-9.267,-0.034,-0.026,-0.059,0.997,7.807,126.407,-14.576,0.301,0.132,-0.001,0.944
4468,5.389,159.89,2.992,-0.273,0.102,0.002,0.957,-2.589,114.606,-8.698,-0.037,-0.02,-0.057,0.997,6.57,127.04,-16.05,0.321,0.134,0.004,0.938
4496,5.182,159.881,3.102,-0.272,0.101,0.003,0.957,-3.049,114.509,-8.285,-0.039,-0.012,-0.055,0.998,5.408,127.572,-17.724,0.34,0.134,0.01,0.931
4521,4.944,159.886,3.109,-0.27,0.1,0.004,0.958,-3.56,114.468,-7.982,-0.039,-0.003,-0.052,0.998,4.373,127.961,-19.587,0.357,0.128,0.017,0.925
4549,4.631,159.889,2.994,-0.266,0.1,0.006,0.959,-4.178,114.472,-7.736,-0.039,0.009,-0.048,0.998,3.409,128.294,-21.926,0.374,0.113,0.022,0.92
4575,4.269,159.863,2.738,-0.263,0.1,0.007,0.959,-4.813,114.478,-7.567,-0.037,0.02,-0.045,0.998,2.427,128.534,-24.431,0.396,0.101,0.028,0.912
4603,3.845,159.782,2.327,-0.261,0.1,0.008,0.96,-5.508,114.463,-7.45,-0.036,0.031,-0.043,0.998,1.172,128.37,-27.332,0.412,0.092,0.049,0.905
4631,3.341,159.627,1.773,-0.259,0.099,0.007,0.961,-6.294,114.378,-7.397,-0.035,0.044,-0.039,0.998,-0.019,127.702,-30.805,0.396,0.09,0.038,0.913
4659,2.813,159.422,1.117,-0.258,0.097,0.006,0.961,-7.112,114.263,-7.357,-0.033,0.055,-0.037,0.997,-0.967,126.85,-34.169,0.371,0.083,0.024,0.925
4687,2.235,159.192,0.373,-0.256,0.094,0.007,0.962,-7.985,114.083,-7.325,-0.031,0.069,-0.036,0.997,-1.798,126.057,-37.346,0.355,0.074,0.021,0.932
4714,1.583,158.931,-0.446,-0.255,0.091,0.008,0.963,-8.984,113.827,-7.256,-0.031,0.086,-0.039,0.995,-2.782,125.612,-39.901,0.367,0.072,0.038,0.927
4743,0.866,158.637,-1.346,-0.253,0.088,0.008,0.963,-10.071,113.51,-7.122,-0.031,0.106,-0.043,0.993,-3.987,124.992,-42.301,0.376,0.081,0.055,0.921
4776,-0.008,158.245,-2.432,-0.251,0.084,0.009,0.964,-11.295,113.05,-6.864,-0.034,0.131,-0.042,0.99,-5.28,123.797,-45.304,0.358,0.091,0.064,0.927
4809,-0.909,157.777,-3.538,-0.249,0.081,0.01,0.965,-12.461,112.421,-6.573,-0.041,0.154,-0.036,0.986,-6.266,122.47,-48.428,0.329,0.094,0.066,0.937
4837,-1.739,157.296,-4.49,-0.248,0.079,0.012,0.965,-13.328,111.745,-6.304,-0.05,0.17,-0.031,0.984,-6.898,121.665,-50.895,0.319,0.093,0.072,0.94
4866,-2.617,156.784,-5.489,-0.247,0.076,0.013,0.966,-14.132,111.007,-6.02,-0.06,0.184,-0.029,0.981,-7.37,121.25,-53.108,0.324,0.085,0.069,0.94
4893,-3.478,156.259,-6.491,-0.244,0.074,0.014,0.967,-14.844,110.279,-5.748,-0.069,0.197,-0.028,0.978,-8.061,120.828,-55.17,0.324,0.086,0.072,0.94
4923,-4.418,155.677,-7.604,-0.241,0.073,0.016,0.968,-15.563,109.516,-5.47,-0.078,0.21,-0.025,0.974,-8.878,120.409,-57.124,0.319,0.098,0.064,0.941
4956,-5.401,155.023,-8.822,-0.239,0.073,0.02,0.968,-16.338,108.636,-5.168,-0.088,0.224,-0.024,0.97,-9.716,120.047,-59.081,0.319,0.108,0.058,0.94
4987,-6.31,154.395,-9.99,-0.237,0.074,0.023,0.969,-17.076,107.726,-4.925,-0.101,0.237,-0.022,0.966,-10.394,119.913,-60.667,0.331,0.11,0.066,0.935
5017,-7.077,153.841,-11.04,-0.235,0.074,0.025,0.969,-17.723,106.871,-4.767,-0.114,0.249,-0.021,0.962,-10.799,119.968,-61.912,0.347,0.1,0.077,0.929
5047,-7.812,153.31,-12.09,-0.234,0.073,0.027,0.969,-18.363,105.993,-4.686,-0.127,0.258,-0.021,0.958,-11.137,119.856,-63.264,0.343,0.091,0.055,0.933
5077,-8.456,152.818,-13.061,-0.234,0.073,0.028,0.969,-18.939,105.222,-4.717,-0.139,0.265,-0.022,0.954,-11.699,119.625,-64.391,0.331,0.094,0.041,0.938
5105,-8.999,152.404,-13.878,-0.234,0.072,0.03,0.969,-19.472,104.576,-4.836,-0.148,0.269,-0.024,0.951,-12.482,119.391,-65.098,0.33,0.102,0.047,0.937
5136,-9.492,152.068,-14.626,-0.237,0.071,0.032,0.968,-20.002,104.034,-5.078,-0.156,0.271,-0.025,0.949,-13.26,119.386,-65.429,0.345,0.106,0.061,0.931
5164,-9.858,151.861,-15.21,-0.24,0.071,0.035,0.968,-20.481,103.701,-5.393,-0.163,0.272,-0.028,0.948,-13.817,119.375,-65.629,0.355,0.104,0.074,0.926
5189,-10.118,151.754,-15.632,-0.242,0.07,0.036,0.967,-20.876,103.607,-5.721,-0.166,0.271,-0.033,0.948,-14.142,119.336,-65.747,0.353,0.104,0.072,0.927
5217,-10.361,151.716,-16.029,-0.245,0.07,0.038,0.966,-21.3,103.724,-6.14,-0.164,0.271,-0.035,0.948,-14.451,119.312,-65.896,0.35,0.107,0.064,0.928
5243,-10.548,151.742,-16.35,-0.247,0.069,0.039,0.966,-21.728,103.981,-6.58,-0.159,0.271,-0.034,0.949,-14.672,119.339,-65.936,0.356,0.108,0.067,0.926
5271,-10.704,151.813,-16.624,-0.248,0.068,0.039,0.966,-22.114,104.276,-7.029,-0.154,0.271,-0.034,0.95,-14.828,119.417,-65.944,0.363,0.108,0.07,0.923
5300,-10.867,151.915,-16.896,-0.248,0.066,0.038,0.966,-22.493,104.606,-7.508,-0.148,0.271,-0.035,0.951,-14.858,119.491,-66.109,0.364,0.109,0.062,0.923
5327,-11.018,151.988,-17.112,-0.247,0.065,0.038,0.966,-22.793,104.863,-7.941,-0.144,0.269,-0.036,0.952,-14.783,119.601,-66.327,0.367,0.105,0.058,0.922
5357,-11.19,152.039,-17.355,-0.247,0.063,0.037,0.966,-23.072,105.09,-8.396,-0.14,0.266,-0.037,0.953,-14.617,119.67,-66.723,0.363,0.098,0.052,0.925
5389,-11.377,152.059,-17.594,-0.247,0.062,0.037,0.966,-23.321,105.255,-8.804,-0.137,0.264,-0.038,0.954,-14.387,119.638,-67.271,0.353,0.087,0.045,0.931
5417,-11.542,152.04,-17.807,-0.248,0.061,0.037,0.966,-23.516,105.328,-9.115,-0.136,0.262,-0.038,0.955,-14.163,119.507,-67.79,0.344,0.074,0.046,0.935
5442,-11.69,151.999,-17.998,-0.249,0.059,0.036,0.966,-23.696,105.361,-9.361,-0.136,0.26,-0.038,0.955,-14.058,119.334,-68.231,0.337,0.067,0.053,0.938
5471,-11.85,151.936,-18.21,-0.25,0.057,0.036,0.966,-23.868,105.367,-9.597,-0.135,0.258,-0.039,0.956,-13.972,119.11,-68.549,0.329,0.065,0.058,0.94
5499,-11.997,151.868,-18.389,-0.251,0.055,0.036,0.966,-24.004,105.327,-9.777,-0.135,0.256,-0.038,0.956,-13.875,118.971,-68.717,0.325,0.064,0.055,0.942
5525,-12.126,151.802,-18.527,-0.252,0.052,0.036,0.966,-24.121,105.261,-9.916,-0.135,0.254,-0.037,0.957,-13.768,118.888,-68.739,0.324,0.064,0.055,0.942
5554,-12.267,151.741,-18.657,-0.254,0.05,0.038,0.965,-24.244,105.162,-10.03,-0.136,0.253,-0.038,0.957,-13.615,118.845,-68.62,0.323,0.067,0.045,0.943
5582,-12.391,151.698,-18.737,-0.255,0.048,0.039,0.965,-24.343,105.055,-10.11,-0.138,0.251,-0.038,0.957,-13.408,118.922,-68.49,0.325,0.071,0.026,0.943
5610,-12.519,151.66,-18.795,-0.256,0.047,0.041,0.965,-24.442,104.958,-10.174,-0.139,0.25,-0.039,0.957,-13.226,118.99,-68.331,0.331,0.067,0.028,0.941
5640,-12.644,151.63,-18.826,-0.258,0.046,0.042,0.964,-24.547,104.882,-10.243,-0.14,0.248,-0.041,0.958,-13.076,119.032,-68.152,0.335,0.066,0.031,0.939
5670,-12.757,151.605,-18.808,-0.261,0.046,0.043,0.963,-24.666,104.859,-10.312,-0.14,0.247,-0.043,0.958,-12.908,119.035,-68.003,0.336,0.066,0.031,0.939
5698,-12.844,151.603,-18.769,-0.263,0.045,0.043,0.963,-24.774,104.875,-10.372,-0.14,0.247,-0.044,0.958,-12.66,119.043,-67.876,0.337,0.06,0.032,0.939
5729,-12.914,151.61,-18.706,-0.264,0.045,0.043,0.962,-24.879,104.922,-10.427,-0.138,0.247,-0.045,0.958,-12.387,119.019,-67.782,0.337,0.056,0.03,0.939
5760,-12.968,151.628,-18.636,-0.265,0.044,0.043,0.962,-24.959,104.947,-10.472,-0.137,0.247,-0.046,0.958,-12.161,118.977,-67.779,0.334,0.054,0.025,0.941
5790,-13.02,151.652,-18.557,-0.264,0.044,0.044,0.963,-25.018,104.94,-10.495,-0.137,0.247,-0.048,0.958,-11.987,118.93,-67.81,0.331,0.053,0.018,0.942
5821,-13.075,151.671,-18.502,-0.262,0.044,0.045,0.963,-25.063,104.936,-10.503,-0.136,0.248,-0.05,0.958,-11.88,118.921,-67.848,0.33,0.057,0.008,0.942
5849,-13.125,151.67,-18.464,-0.261,0.044,0.046,0.963,-25.066,104.937,-10.494,-0.135,0.248,-0.05,0.958,-11.926,118.922,-67.858,0.33,0.063,-0.0,0.942
5879,-13.177,151.638,-18.455,-0.26,0.043,0.046,0.963,-25.028,104.896,-10.472,-0.135,0.248,-0.049,0.958,-12.058,118.914,-67.841,0.332,0.07,-0.002,0.941
5908,-13.236,151.581,-18.457,-0.26,0.043,0.046,0.963,-24.976,104.824,-10.428,-0.136,0.247,-0.048,0.958,-12.254,118.838,-67.867,0.331,0.074,0.004,0.941
5939,-13.302,151.487,-18.479,-0.261,0.043,0.047,0.963,-24.925,104.725,-10.357,-0.137,0.247,-0.047,0.958,-12.416,118.703,-67.975,0.326,0.076,0.004,0.942
5973,-13.368,151.366,-18.499,-0.262,0.043,0.048,0.963,-24.876,104.616,-10.268,-0.138,0.248,-0.046,0.958,-12.519,118.553,-68.09,0.32,0.074,0.004,0.944
5999,-13.428,151.277,-18.514,-0.263,0.043,0.048,0.963,-24.853,104.534,-10.182,-0.14,0.248,-0.045,0.958,-12.579,118.452,-68.158,0.317,0.072,0.004,0.946
6029,-13.496,151.189,-18.518,-0.264,0.043,0.049,0.962,-24.857,104.453,-10.078,-0.141,0.248,-0.044,0.957,-12.615,118.379,-68.15,0.317,0.071,0.004,0.946
6055,-13.553,151.133,-18.513,-0.265,0.043,0.05,0.962,-24.886,104.397,-9.979,-0.142,0.25,-0.044,0.957,-12.65,118.303,-68.111,0.318,0.071,0.006,0.945
6082,-13.606,151.094,-18.501,-0.266,0.044,0.051,0.962,-24.933,104.354,-9.887,-0.142,0.251,-0.045,0.956,-12.691,118.216,-68.037,0.319,0.071,0.009,0.945
6112,-13.658,151.067,-18.481,-0.267,0.045,0.052,0.961,-25.004,104.328,-9.801,-0.142,0.253,-0.045,0.956,-12.712,118.08,-67.97,0.317,0.072,0.007,0.946
6139,-13.696,151.065,-18.443,-0.267,0.046,0.053,0.961,-25.074,104.31,-9.721,-0.143,0.254,-0.045,0.955,-12.708,117.935,-67.89,0.315,0.073,0.005,0.946
6167,-13.709,151.07,-18.396,-0.268,0.046,0.053,0.961,-25.152,104.311,-9.66,-0.143,0.256,-0.046,0.955,-12.649,117.814,-67.763,0.311,0.072,0.002,0.948
6193,-13.701,151.082,-18.336,-0.27,0.046,0.053,0.96,-25.221,104.353,-9.62,-0.143,0.257,-0.048,0.955,-12.572,117.768,-67.57,0.309,0.071,-0.0,0.949
6220,-13.665,151.102,-18.25,-0.273,0.045,0.053,0.959,-25.297,104.447,-9.595,-0.141,0.258,-0.05,0.955,-12.464,117.822,-67.248,0.308,0.07,-0.006,0.949
6247,-13.599,151.139,-18.155,-0.276,0.044,0.054,0.959,-25.355,104.582,-9.602,-0.139,0.258,-0.052,0.955,-12.33,118.031,-66.792,0.308,0.069,-0.016,0.949
6276,-13.507,151.218,-18.026,-0.28,0.042,0.055,0.957,-25.406,104.758,-9.632,-0.137,0.259,-0.055,0.955,-12.158,118.33,-66.186,0.308,0.069,-0.031,0.948
6301,-13.414,151.333,-17.881,-0.283,0.041,0.056,0.957,-25.443,105.002,-9.741,-0.134,0.26,-0.06,0.954,-12.036,118.616,-65.5,0.305,0.069,-0.035,0.949
6327,-13.312,151.518,-17.694,-0.286,0.04,0.057,0.956,-25.484,105.527,-10.137,-0.126,0.258,-0.074,0.955,-12.0,118.909,-64.553,0.302,0.067,-0.018,0.951
6353,-13.184,151.761,-17.43,-0.289,0.039,0.06,0.955,-25.518,106.784,-11.077,-0.097,0.253,-0.097,0.958,-12.054,119.341,-63.206,0.304,0.063,0.018,0.95
6381,-13.045,152.063,-17.06,-0.294,0.041,0.064,0.953,-25.482,108.949,-12.631,-0.045,0.248,-0.117,0.961,-12.3,120.057,-61.244,0.315,0.06,0.062,0.945
6410,-12.889,152.393,-16.566,-0.299,0.045,0.067,0.951,-25.45,111.897,-14.693,0.018,0.237,-0.133,0.962,-12.787,120.962,-58.795,0.339,0.064,0.105,0.933
6440,-12.701,152.742,-15.965,-0.306,0.051,0.071,0.948,-25.15,115.105,-17.09,0.073,0.222,-0.174,0.957,-13.404,121.84,-55.984,0.369,0.067,0.164,0.912
6468,-12.492,153.117,-15.273,-0.313,0.06,0.074,0.945,-24.686,118.475,-19.742,0.119,0.208,-0.234,0.942,-13.969,122.672,-53.047,0.396,0.063,0.216,0.89
6499,-12.256,153.535,-14.509,-0.32,0.07,0.076,0.942,-24.11,121.785,-22.56,0.149,0.196,-0.293,0.924,-14.504,123.366,-50.154,0.419,0.057,0.262,0.867
6528,-11.993,153.914,-13.771,-0.327,0.08,0.078,0.938,-23.465,124.473,-25.137,0.161,0.186,-0.345,0.906,-15.054,123.876,-47.743,0.441,0.05,0.309,0.841
6558,-11.687,154.328,-12.945,-0.333,0.091,0.08,0.935,-22.733,127.154,-27.696,0.173,0.178,-0.385,0.889,-15.538,124.447,-45.3,0.466,0.044,0.342,0.815
6588,-11.366,154.737,-12.171,-0.338,0.102,0.081,0.932,-21.675,129.313,-29.747,0.193,0.166,-0.433,0.865,-15.803,124.964,-43.365,0.486,0.032,0.37,0.791
6617,-11.003,155.126,-11.456,-0.341,0.112,0.081,0.93,-20.611,130.878,-31.337,0.21,0.155,-0.48,0.837,-15.822,125.566,-41.862,0.5,0.018,0.382,0.778
6647,-10.592,155.497,-10.803,-0.343,0.12,0.081,0.928,-19.709,131.747,-32.482,0.215,0.139,-0.509,0.822,-15.6,126.18,-40.83,0.504,0.007,0.383,0.774
6674,-10.187,155.813,-10.292,-0.343,0.126,0.081,0.927,-19.072,131.899,-33.194,0.204,0.118,-0.524,0.819,-15.238,126.725,-40.253,0.502,-0.002,0.38,0.777
6705,-9.697,156.133,-9.792,-0.343,0.13,0.08,0.927,-18.492,131.892,-33.688,0.195,0.098,-0.524,0.823,-14.751,127.333,-39.888,0.493,-0.008,0.368,0.788
6734,-9.249,156.386,-9.402,-0.342,0.131,0.078,0.927,-18.053,131.921,-33.735,0.199,0.092,-0.528,0.821,-14.332,127.829,-39.734,0.483,-0.008,0.355,0.8
6764,-8.811,156.595,-9.046,-0.342,0.131,0.076,0.927,-17.725,131.701,-33.753,0.196,0.086,-0.539,0.814,-14.014,128.238,-39.67,0.476,-0.005,0.348,0.808
6794,-8.412,156.771,-8.729,-0.342,0.129,0.075,0.928,-17.392,131.438,-33.772,0.19,0.076,-0.54,0.817,-13.765,128.631,-39.592,0.469,-0.003,0.347,0.812
6827,-8.047,156.919,-8.428,-0.342,0.125,0.073,0.928,-17.129,131.168,-33.788,0.183,0.068,-0.543,0.817,-13.469,129.086,-39.436,0.468,-0.003,0.34,0.816
6854,-7.769,157.026,-8.184,-0.342,0.122,0.073,0.929,-16.897,131.075,-33.767,0.18,0.061,-0.544,0.817,-13.227,129.461,-39.299,0.469,-0.005,0.34,0.815
6883,-7.517,157.124,-7.946,-0.341,0.118,0.074,0.93,-16.572,131.261,-33.536,0.183,0.055,-0.536,0.822,-13.087,129.777,-39.164,0.473,-0.006,0.344,0.811
6910,-7.306,157.215,-7.741,-0.341,0.114,0.075,0.93,-16.275,131.606,-33.097,0.187,0.05,-0.529,0.826,-12.99,130.026,-38.987,0.479,-0.004,0.349,0.805
6940,-7.115,157.31,-7.544,-0.339,0.111,0.076,0.931,-16.076,132.069,-32.29,0.193,0.049,-0.53,0.824,-12.854,130.196,-38.83,0.486,-0.003,0.355,0.799
6970,-6.937,157.409,-7.355,-0.338,0.108,0.078,0.932,-16.125,132.535,-30.935,0.197,0.051,-0.534,0.821,-12.608,130.3,-38.767,0.489,-0.003,0.357,0.796
6997,-6.768,157.523,-7.209,-0.338,0.106,0.08,0.932,-16.424,132.854,-28.964,0.196,0.051,-0.537,0.819,-12.258,130.371,-38.817,0.487,-0.001,0.353,0.799
7025,-6.584,157.655,-7.118,-0.336,0.106,0.083,0.932,-16.934,133.12,-26.33,0.195,0.054,-0.536,0.82,-11.885,130.397,-38.939,0.483,0.002,0.349,0.803
7055,-6.373,157.797,-7.076,-0.333,0.106,0.085,0.933,-17.701,133.315,-22.861,0.196,0.063,-0.53,0.822,-11.418,130.331,-39.078,0.48,0.005,0.347,0.806
7084,-6.147,157.927,-7.072,-0.331,0.106,0.086,0.934,-18.565,133.143,-19.109,0.185,0.076,-0.535,0.821,-10.959,130.305,-39.15,0.479,0.007,0.342,0.808
7113,-5.936,158.037,-7.115,-0.329,0.105,0.085,0.935,-19.343,132.726,-15.457,0.168,0.089,-0.538,0.821,-10.514,130.313,-39.187,0.48,0.008,0.338,0.81
7142,-5.756,158.136,-7.197,-0.325,0.101,0.082,0.937,-20.005,132.022,-12.223,0.141,0.104,-0.532,0.828,-10.208,130.311,-39.135,0.482,0.008,0.338,0.809
7171,-5.645,158.195,-7.252,-0.322,0.096,0.078,0.938,-20.358,131.112,-9.889,0.112,0.116,-0.523,0.837,-9.975,130.252,-39.12,0.482,0.01,0.331,0.811
7198,-5.579,158.224,-7.217,-0.32,0.09,0.076,0.94,-20.231,130.069,-8.565,0.091,0.121,-0.515,0.844,-9.886,130.188,-39.016,0.479,0.014,0.319,0.818
7226,-5.557,158.271,-7.1,-0.316,0.086,0.076,0.942,-19.848,129.135,-8.146,0.079,0.119,-0.498,0.856,-9.924,130.097,-38.881,0.476,0.022,0.304,0.825
7254,-5.582,158.359,-6.951,-0.31,0.083,0.077,0.944,-19.27,128.475,-8.506,0.079,0.116,-0.483,0.864,-10.086,130.004,-38.71,0.475,0.03,0.29,0.83
7281,-5.65,158.492,-6.796,-0.302,0.081,0.077,0.947,-18.665,127.998,-9.388,0.082,0.109,-0.493,0.859,-10.326,129.838,-38.592,0.472,0.039,0.275,0.836
7310,-5.752,158.633,-6.649,-0.294,0.079,0.076,0.949,-18.069,127.676,-10.639,0.089,0.1,-0.499,0.856,-10.578,129.608,-38.631,0.464,0.049,0.259,0.845
7339,-5.887,158.738,-6.54,-0.288,0.077,0.075,0.952,-17.559,127.756,-11.897,0.106,0.097,-0.495,0.857,-10.821,129.293,-38.791,0.451,0.06,0.247,0.856
7368,-6.06,158.784,-6.485,-0.283,0.075,0.074,0.953,-17.145,127.905,-13.024,0.124,0.096,-0.488,0.859,-11.027,128.967,-39.033,0.434,0.074,0.227,0.869
7397,-6.271,158.778,-6.513,-0.28,0.073,0.073,0.954,-16.91,128.017,-13.766,0.137,0.098,-0.48,0.861,-11.088,128.711,-39.368,0.418,0.086,0.199,0.882
7425,-6.518,158.727,-6.65,-0.278,0.072,0.072,0.955,-16.767,128.056,-14.159,0.148,0.102,-0.465,0.867,-11.116,128.414,-39.895,0.404,0.097,0.171,0.894
7458,-6.844,158.615,-6.938,-0.274,0.07,0.069,0.957,-16.67,127.825,-14.224,0.158,0.106,-0.437,0.879,-11.225,128.08,-40.82,0.399,0.101,0.165,0.896
7490,-7.18,158.44,-7.331,-0.271,0.068,0.066,0.958,-16.691,127.206,-14.006,0.156,0.108,-0.405,0.894,-11.389,127.777,-41.912,0.409,0.098,0.163,0.892
7523,-7.585,158.171,-7.886,-0.267,0.066,0.064,0.959,-16.797,125.994,-13.703,0.142,0.109,-0.372,0.911,-11.715,127.203,-43.59,0.414,0.097,0.156,0.892
7552,-7.98,157.862,-8.478,-0.265,0.064,0.062,0.96,-16.997,124.61,-13.374,0.122,0.111,-0.343,0.925,-12.151,126.335,-45.706,0.401,0.104,0.138,0.899
7581,-8.383,157.496,-9.124,-0.264,0.062,0.062,0.961,-17.229,123.026,-13.039,0.097,0.113,-0.32,0.936,-12.622,125.38,-47.961,0.389,0.117,0.121,0.906
7612,-8.85,157.079,-9.912,-0.262,0.061,0.062,0.961,-17.51,121.231,-12.636,0.069,0.115,-0.305,0.943,-13.143,124.328,-50.468,0.384,0.118,0.128,0.907
7641,-9.295,156.675,-10.697,-0.259,0.059,0.062,0.962,-17.81,119.579,-12.237,0.044,0.118,-0.298,0.946,-13.503,123.498,-52.722,0.384,0.119,0.124,0.907
7670,-9.729,156.25,-11.515,-0.257,0.058,0.062,0.963,-18.127,118.19,-11.873,0.023,0.122,-0.291,0.949,-13.672,122.859,-54.676,0.383,0.118,0.109,0.91
7701,-10.19,155.785,-12.441,-0.255,0.057,0.06,0.963,-18.525,116.785,-11.482,0.002,0.125,-0.282,0.951,-13.825,122.068,-56.772,0.384,0.11,0.112,0.91
7729,-10.575,155.374,-13.281,-0.253,0.056,0.059,0.964,-18.908,115.663,-11.197,-0.015,0.128,-0.277,0.952,-13.883,121.326,-58.54,0.38,0.103,0.107,0.913
7762,-11.0,154.861,-14.28,-0.251,0.054,0.059,0.965,-19.411,114.512,-10.906,-0.033,0.132,-0.274,0.952,-13.945,120.186,-60.657,0.361,0.096,0.094,0.923
7798,-11.627,153.932,-15.94,-0.249,0.052,0.059,0.965,-20.308,113.027,-10.61,-0.056,0.141,-0.274,0.95,-14.017,117.922,-63.882,0.323,0.084,0.076,0.94
7859,-12.026,153.198,-17.088,-0.25,0.05,0.058,0.965,-20.927,112.276,-10.557,-0.065,0.15,-0.274,0.948,-14.191,116.325,-65.631,0.315,0.08,0.086,0.942
7892,-12.296,152.601,-17.927,-0.251,0.048,0.058,0.965,-21.377,111.796,-10.569,-0.071,0.156,-0.273,0.946,-14.433,115.335,-66.615,0.317,0.086,0.083,0.941
7917,-12.506,152.112,-18.583,-0.252,0.047,0.059,0.965,-21.731,111.486,-10.64,-0.075,0.161,-0.273,0.945,-14.643,114.661,-67.37,0.319,0.091,0.087,0.939
7947,-12.727,151.572,-19.28,-0.254,0.046,0.06,0.964,-22.095,111.178,-10.725,-0.079,0.167,-0.274,0.944,-14.753,114.038,-68.024,0.32,0.091,0.085,0.939
7975,-12.903,151.128,-19.862,-0.257,0.046,0.061,0.963,-22.404,110.939,-10.811,-0.083,0.172,-0.275,0.942,-14.774,113.489,-68.54,0.317,0.088,0.084,0.94
8006,-13.081,150.691,-20.459,-0.26,0.045,0.061,0.963,-22.675,110.702,-10.915,-0.088,0.175,-0.274,0.941,-14.677,112.992,-68.84,0.314,0.082,0.085,0.942
8033,-13.209,150.398,-20.893,-0.263,0.045,0.062,0.962,-22.885,110.562,-10.994,-0.091,0.178,-0.273,0.941,-14.547,112.693,-68.812,0.313,0.074,0.082,0.943
8062,-13.296,150.197,-21.235,-0.267,0.045,0.063,0.961,-23.053,110.469,-11.091,-0.093,0.181,-0.272,0.941,-14.44,112.433,-68.548,0.311,0.067,0.082,0.944
8092,-13.354,150.101,-21.457,-0.27,0.045,0.065,0.959,-23.174,110.446,-11.183,-0.095,0.182,-0.272,0.94,-14.364,112.199,-67.883,0.302,0.064,0.084,0.947
8124,-13.393,150.172,-21.548,-0.273,0.045,0.066,0.959,-23.247,110.546,-11.291,-0.094,0.183,-0.271,0.94,-14.166,112.218,-66.625,0.299,0.068,0.062,0.95
8150,-13.396,150.341,-21.5,-0.274,0.046,0.067,0.958,-23.261,110.686,-11.379,-0.093,0.183,-0.27,0.941,-14.025,112.313,-65.243,0.302,0.075,0.059,0.948
8177,-13.352,150.578,-21.365,-0.275,0.047,0.068,0.958,-23.237,110.876,-11.488,-0.092,0.181,-0.269,0.941,-13.805,112.495,-63.79,0.314,0.074,0.068,0.944
8204,-13.247,150.866,-21.138,-0.276,0.048,0.068,0.958,-23.186,111.138,-11.607,-0.09,0.179,-0.27,0.942,-13.549,112.7,-62.186,0.326,0.071,0.083,0.939
8232,-13.085,151.212,-20.832,-0.278,0.048,0.068,0.957,-23.093,111.483,-11.717,-0.085,0.177,-0.272,0.942,-13.174,112.872,-60.387,0.327,0.074,0.083,0.938
8262,-12.864,151.602,-20.453,-0.281,0.048,0.067,0.956,-22.947,111.887,-11.822,-0.078,0.174,-0.272,0.943,-12.611,112.963,-58.423,0.318,0.079,0.074,0.942
8293,-12.548,152.065,-19.938,-0.284,0.046,0.066,0.955,-22.734,112.349,-11.914,-0.071,0.171,-0.272,0.944,-11.796,113.072,-55.981,0.309,0.082,0.063,0.945
8323,-12.223,152.537,-19.388,-0.287,0.044,0.063,0.955,-22.501,112.754,-11.971,-0.065,0.166,-0.274,0.945,-10.919,113.123,-53.266,0.304,0.085,0.052,0.948
8352,-11.876,152.976,-18.828,-0.289,0.042,0.062,0.954,-22.239,113.101,-12.027,-0.06,0.161,-0.277,0.945,-10.173,113.081,-50.669,0.299,0.095,0.045,0.949
8381,-11.506,153.441,-18.195,-0.291,0.04,0.059,0.954,-21.946,113.464,-12.047,-0.055,0.155,-0.28,0.946,-9.437,112.898,-47.824,0.292,0.112,0.044,0.949
8410,-11.093,153.931,-17.493,-0.292,0.037,0.056,0.954,-21.634,113.905,-12.011,-0.048,0.15,-0.28,0.947,-8.48,112.688,-44.682,0.287,0.125,0.041,0.949
8441,-10.575,154.467,-16.694,-0.293,0.033,0.054,0.954,-21.259,114.452,-11.939,-0.039,0.145,-0.277,0.949,-7.312,112.301,-41.421,0.275,0.136,0.04,0.951
8474,-9.99,155.06,-15.8,-0.292,0.031,0.05,0.955,-20.841,115.074,-11.808,-0.029,0.14,-0.268,0.953,-5.986,111.78,-38.091,0.253,0.15,0.035,0.955
8506,-9.384,155.632,-14.9,-0.291,0.027,0.046,0.955,-20.403,115.657,-11.642,-0.019,0.136,-0.259,0.956,-4.576,111.215,-34.966,0.229,0.158,0.036,0.96
8536,-8.761,156.194,-13.969,-0.289,0.024,0.043,0.956,-19.884,116.188,-11.448,-0.01,0.13,-0.254,0.958,-3.023,110.778,-31.927,0.211,0.156,0.046,0.964
8567,-8.097,156.776,-12.967,-0.287,0.023,0.039,0.957,-19.261,116.735,-11.21,0.001,0.122,-0.251,0.96,-1.355,110.514,-28.882,0.192,0.15,0.054,0.968
8598,-7.407,157.331,-11.929,-0.285,0.021,0.034,0.958,-18.579,117.216,-10.952,0.011,0.113,-0.247,0.962,0.274,110.497,-25.985,0.175,0.144,0.052,0.973
8628,-6.686,157.845,-10.881,-0.283,0.019,0.031,0.958,-17.79,117.661,-10.659,0.019,0.102,-0.244,0.964,1.79,110.795,-23.206,0.168,0.138,0.052,0.975
8658,-5.937,158.326,-9.791,-0.281,0.019,0.028,0.959,-16.894,118.105,-10.317,0.029,0.089,-0.241,0.966,3.144,111.367,-20.499,0.167,0.133,0.053,0.975
8687,-5.207,158.757,-8.733,-0.279,0.018,0.026,0.96,-15.943,118.528,-9.951,0.039,0.076,-0.237,0.968,4.231,112.05,-18.058,0.17,0.132,0.051,0.975
8714,-4.532,159.138,-7.77,-0.276,0.018,0.024,0.961,-15.045,118.883,-9.583,0.047,0.065,-0.233,0.969,5.048,112.733,-16.009,0.172,0.133,0.051,0.975
8742,-3.832,159.493,-6.769,-0.273,0.018,0.023,0.961,-14.053,119.236,-9.189,0.055,0.053,-0.229,0.97,5.752,113.474,-14.041,0.177,0.136,0.049,0.974
8773,-3.046,159.823,-5.655,-0.272,0.018,0.021,0.962,-12.932,119.633,-8.729,0.064,0.04,-0.22,0.973,6.308,114.268,-12.06,0.186,0.143,0.052,0.971
8800,-2.336,160.087,-4.662,-0.27,0.017,0.018,0.962,-11.915,119.953,-8.304,0.07,0.028,-0.212,0.974,6.678,114.949,-10.443,0.196,0.152,0.056,0.967
8828,-1.658,160.306,-3.723,-0.269,0.016,0.016,0.963,-10.912,120.222,-7.888,0.075,0.015,-0.204,0.976,6.962,115.571,-9.06,0.21,0.16,0.065,0.962
8858,-0.904,160.523,-2.692,-0.268,0.016,0.014,0.963,-9.804,120.484,-7.424,0.08,0.002,-0.198,0.977,7.387,116.235,-7.603,0.229,0.166,0.079,0.956
8887,-0.225,160.704,-1.755,-0.266,0.015,0.012,0.964,-8.757,120.705,-6.975,0.085,-0.012,-0.199,0.976,7.657,116.917,-6.556,0.249,0.171,0.091,0.949
8913,0.373,160.839,-0.933,-0.264,0.015,0.011,0.964,-7.856,120.878,-6.576,0.089,-0.024,-0.202,0.975,7.862,117.508,-5.751,0.267,0.173,0.103,0.942
8942,0.996,160.967,-0.079,-0.263,0.015,0.011,0.965,-6.944,121.056,-6.146,0.092,-0.035,-0.204,0.974,8.088,118.15,-4.989,0.287,0.174,0.113,0.935
8969,1.588,161.069,0.73,-0.261,0.015,0.009,0.965,-6.11,121.289,-5.704,0.098,-0.045,-0.208,0.972,8.328,118.763,-4.308,0.304,0.173,0.118,0.929
8997,2.152,161.155,1.512,-0.26,0.016,0.008,0.965,-5.346,121.528,-5.262,0.105,-0.053,-0.208,0.971,8.613,119.289,-3.723,0.318,0.17,0.121,0.925
9025,2.694,161.233,2.259,-0.259,0.016,0.007,0.966,-4.655,121.765,-4.813,0.11,-0.06,-0.206,0.97,8.933,119.831,-3.133,0.329,0.164,0.12,0.922
9051,3.205,161.294,2.971,-0.257,0.016,0.005,0.966,-4.048,121.942,-4.411,0.113,-0.066,-0.206,0.97,9.217,120.332,-2.539,0.34,0.16,0.119,0.919
9077,3.657,161.336,3.598,-0.256,0.017,0.004,0.966,-3.497,122.067,-4.012,0.117,-0.072,-0.207,0.969,9.447,120.713,-1.953,0.35,0.157,0.121,0.915
9106,4.159,161.359,4.295,-0.255,0.018,0.003,0.967,-2.875,122.185,-3.538,0.12,-0.08,-0.208,0.967,9.666,121.124,-1.221,0.363,0.157,0.125,0.91
9136,4.613,161.352,4.937,-0.255,0.02,0.002,0.967,-2.32,122.297,-3.1,0.122,-0.085,-0.205,0.967,9.829,121.468,-0.515,0.375,0.158,0.128,0.904
9167,5.06,161.326,5.564,-0.254,0.023,0.002,0.967,-1.806,122.399,-2.666,0.123,-0.089,-0.198,0.968,10.024,121.774,0.213,0.386,0.16,0.128,0.9
9194,5.408,161.299,6.061,-0.254,0.025,0.001,0.967,-1.414,122.462,-2.325,0.121,-0.092,-0.187,0.971,10.237,121.947,0.805,0.393,0.159,0.128,0.897
9225,5.785,161.26,6.584,-0.253,0.028,0.001,0.967,-0.98,122.52,-1.965,0.116,-0.094,-0.169,0.974,10.479,122.048,1.32,0.396,0.159,0.125,0.896
9259,6.158,161.208,7.093,-0.254,0.031,0.0,0.967,-0.544,122.601,-1.629,0.112,-0.096,-0.148,0.978,10.682,122.027,1.669,0.389,0.161,0.124,0.898
9290,6.498,161.146,7.524,-0.255,0.033,-0.0,0.966,-0.181,122.695,-1.38,0.108,-0.097,-0.132,0.98,10.943,122.019,1.983,0.386,0.162,0.12,0.9
9317,6.794,161.085,7.871,-0.257,0.034,-0.0,0.966,0.132,122.782,-1.188,0.106,-0.098,-0.124,0.982,11.194,122.071,2.269,0.385,0.159,0.118,0.901
9349,7.127,161.012,8.235,-0.259,0.035,-0.0,0.965,0.498,122.905,-0.99,0.106,-0.097,-0.119,0.982,11.525,122.19,2.616,0.386,0.156,0.115,0.902
9382,7.443,160.952,8.558,-0.26,0.034,-0.001,0.965,0.817,123.042,-0.803,0.108,-0.096,-0.117,0.983,11.838,122.306,2.95,0.388,0.153,0.112,0.902
9416,7.74,160.887,8.865,-0.261,0.032,-0.002,0.965,1.132,123.145,-0.612,0.109,-0.096,-0.115,0.983,12.116,122.372,3.216,0.389,0.151,0.109,0.902
9448,7.991,160.815,9.149,-0.262,0.03,-0.003,0.965,1.385,123.207,-0.453,0.11,-0.097,-0.114,0.983,12.362,122.373,3.402,0.388,0.149,0.108,0.903
9480,8.208,160.758,9.428,-0.263,0.027,-0.004,0.964,1.606,123.239,-0.3,0.111,-0.1,-0.116,0.982,12.593,122.373,3.547,0.387,0.146,0.108,0.904
9511,8.388,160.722,9.681,-0.263,0.024,-0.006,0.964,1.767,123.265,-0.208,0.113,-0.103,-0.118,0.981,12.826,122.444,3.659,0.388,0.141,0.107,0.905
9540,8.53,160.716,9.909,-0.263,0.021,-0.007,0.965,1.845,123.29,-0.152,0.114,-0.106,-0.12,0.98,13.009,122.519,3.723,0.389,0.135,0.107,0.905
9570,8.637,160.746,10.111,-0.261,0.018,-0.008,0.965,1.875,123.295,-0.136,0.116,-0.11,-0.123,0.98,13.16,122.601,3.802,0.39,0.129,0.107,0.905
9600,8.733,160.809,10.291,-0.259,0.015,-0.009,0.966,1.868,123.312,-0.181,0.117,-0.113,-0.127,0.978,13.248,122.733,3.796,0.392,0.122,0.109,0.905
9628,8.826,160.902,10.432,-0.257,0.013,-0.01,0.966,1.832,123.367,-0.273,0.118,-0.117,-0.131,0.977,13.307,122.886,3.743,0.394,0.116,0.112,0.905
9659,8.912,161.033,10.557,-0.255,0.011,-0.011,0.967,1.75,123.491,-0.426,0.12,-0.118,-0.134,0.977,13.353,123.088,3.648,0.396,0.111,0.113,0.905
9687,8.997,161.158,10.644,-0.253,0.009,-0.013,0.967,1.659,123.656,-0.607,0.122,-0.119,-0.137,0.976,13.404,123.297,3.52,0.397,0.106,0.113,0.904
9715,9.101,161.29,10.715,-0.251,0.008,-0.013,0.968,1.571,123.879,-0.79,0.125,-0.119,-0.14,0.975,13.473,123.536,3.381,0.399,0.102,0.11,0.905
9745,9.242,161.43,10.769,-0.248,0.007,-0.014,0.969,1.498,124.168,-0.969,0.129,-0.119,-0.143,0.974,13.58,123.814,3.229,0.4,0.098,0.105,0.905
9774,9.417,161.539,10.79,-0.246,0.006,-0.015,0.969,1.433,124.486,-1.142,0.132,-0.118,-0.145,0.973,13.702,124.072,3.088,0.402,0.094,0.097,0.906
9817,9.734,161.642,10.788,-0.243,0.005,-0.018,0.97,1.355,124.962,-1.339,0.137,-0.116,-0.148,0.973,13.819,124.335,2.853,0.404,0.09,0.087,0.906
9846,9.98,161.672,10.781,-0.241,0.005,-0.021,0.97,1.316,125.227,-1.428,0.14,-0.114,-0.15,0.972,13.825,124.413,2.727,0.406,0.09,0.084,0.905
9876,10.273,161.704,10.744,-0.239,0.004,-0.024,0.971,1.279,125.459,-1.475,0.142,-0.113,-0.152,0.972,13.781,124.422,2.591,0.409,0.09,0.084,0.904
9904,10.564,161.73,10.691,-0.238,0.003,-0.028,0.971,1.227,125.605,-1.503,0.143,-0.112,-0.154,0.971,13.709,124.355,2.443,0.411,0.091,0.084,0.903
9935,10.9,161.75,10.618,-0.237,0.002,-0.033,0.971,1.127,125.734,-1.521,0.143,-0.11,-0.155,0.971,13.629,124.23,2.256,0.41,0.09,0.084,0.904
9965,11.243,161.755,10.523,-0.236,-0.002,-0.038,0.971,1.01,125.804,-1.515,0.141,-0.107,-0.156,0.972,13.547,124.111,2.076,0.409,0.09,0.081,0.905
