,head_pos_x,head_pos_y,head_pos_z,head_rot_x,head_rot_y,head_rot_z,head_rot_w,left_hand_pos_x,left_hand_pos_y,left_hand_pos_z,left_hand_rot_x,left_hand_rot_y,left_hand_rot_z,left_hand_rot_w,right_hand_pos_x,right_hand_pos_y,right_hand_pos_z,right_hand_rot_x,right_hand_rot_y,right_hand_rot_z,right_hand_rot_w,delta_time_ms
678,-64.35685,197.9134,8.895248,0.241056,-0.6990303,-0.2785044,-0.6129307,-45.69238,145.5255,18.0546,0.2787602,-0.7561182,0.1246937,-0.5788172,-104.0724,126.2535,1.527268,0.4467454,-0.582466,-0.3623331,-0.5743402,0.0
679,-64.26623000000001,197.9497,8.804554000000001,0.2393247,-0.6989992,-0.274809,-0.6153079,-46.3031,145.4555,18.29801,0.2812149,-0.7478383,0.1336742,-0.5863338,-104.0442,126.2823,1.463526,0.4477552,-0.5814378,-0.3588274,-0.5767913,13.333333333333334
680,-64.11982,198.06619999999998,8.723277,0.2370857,-0.6990069,-0.2717161,-0.6175355,-47.023759999999996,145.4238,18.533569999999997,0.2843366,-0.7392413,0.144949,-0.5930133,-103.9537,126.3528,1.498234,0.4493637,-0.585686,-0.3561865,-0.5728658,26.666666666666668
681,-63.951440000000005,198.20610000000002,8.674848,0.2343443,-0.6994359,-0.2689637,-0.6192986,-47.83696,145.41910000000001,18.74528,0.287605,-0.7284826,0.1608064,-0.6006145,-103.7908,126.50909999999999,1.541287,0.4499655,-0.5924935,-0.3528033,-0.5674613,40.0
682,-63.727120000000006,198.39770000000001,8.642805000000001,0.2319364,-0.7002006,-0.2655776,-0.6208005,-48.84073,145.43779999999998,18.936439999999997,0.2934025,-0.7129598,0.184347,-0.6096061,-103.6027,126.81070000000001,1.441211,0.4380933,-0.599139,-0.3496319,-0.5717204,53.333333333333336
683,-63.46872,198.6448,8.583312999999999,0.2307651,-0.7006187,-0.2609809,-0.6227117,-50.00696,145.4895,19.09664,0.3024669,-0.6947817,0.2105822,-0.6176143,-103.4114,127.25120000000001,1.159179,0.4085292,-0.6057426,-0.350091,-0.5861879,66.66666666666667
684,-63.21859,198.96769999999998,8.465844,0.2293148,-0.7009319,-0.2552726,-0.6252561,-51.408370000000005,145.666,19.18824,0.3053764,-0.6791908,0.2340224,-0.625043,-103.16879999999999,127.8335,0.7827222,0.3608377,-0.6156777,-0.3600055,-0.6009436,80.0
685,-62.95737999999999,199.371,8.341736,0.226767,-0.7010608,-0.2485803,-0.6287275,-52.87385,145.9539,19.253999999999998,0.29803,-0.6692287,0.2492652,-0.6333861,-102.7545,128.55689999999998,0.42583350000000003,0.3081119,-0.629173,-0.3735285,-0.6080171,93.33333333333334
686,-62.67946,199.84519999999998,8.218855,0.2233589,-0.7007743,-0.2407993,-0.6332787,-54.6116,146.4662,19.23319,0.2795172,-0.6675795,0.2564,-0.6406767,-102.1374,129.3883,0.05849004,0.2630138,-0.6367554,-0.3854125,-0.6138595,106.66666666666667
687,-62.402820000000006,200.3703,8.089924,0.2189317,-0.7000844,-0.2311151,-0.6391686,-56.520559999999996,147.183,19.122120000000002,0.2579716,-0.671701,0.2608864,-0.6435888,-101.39290000000001,130.2986,-0.34292340000000004,0.2275492,-0.6396233,-0.3877395,-0.6235074,120.0
688,-62.07435,200.8905,7.930499,0.2127278,-0.6992152,-0.2207149,-0.645856,-58.56861,148.0621,18.90486,0.2380038,-0.6737279,0.2710084,-0.6449802,-100.3104,131.4661,-0.7605791,0.2035438,-0.6437877,-0.3769919,-0.6340224,133.33333333333334
689,-61.640950000000004,201.3998,7.79739,0.2045519,-0.6983739,-0.2108581,-0.6526648,-60.68546,149.08939999999998,18.56214,0.2209046,-0.6704955,0.291366,-0.6455563,-99.19127,132.6148,-1.158774,0.1920792,-0.6507654,-0.3577069,-0.6416041,146.66666666666669
690,-61.16457,201.93050000000002,7.732838,0.1954778,-0.6978021,-0.2019337,-0.6588501,-62.79455,150.2364,18.09925,0.2059307,-0.6609059,0.3199445,-0.6468628,-97.76908,133.9221,-1.707566,0.1973564,-0.6546577,-0.3242931,-0.6536878,160.0
691,-60.646319999999996,202.4582,7.7413620000000005,0.1857972,-0.6978123,-0.1934123,-0.6641755,-64.87392,151.46550000000002,17.54143,0.1898509,-0.645237,0.3509925,-0.6514831,-96.02456000000001,135.3175,-2.492324,0.2156056,-0.6528964,-0.2852968,-0.6677172,173.33333333333334
692,-60.13391,202.96409999999997,7.7359860000000005,0.1768291,-0.6971667,-0.1831093,-0.6701947,-66.9467,152.72619999999998,16.89875,0.1735165,-0.627363,0.3819498,-0.6560655,-94.28183,136.58010000000002,-3.346485,0.2239374,-0.6507473,-0.2570118,-0.6784725,186.66666666666669
693,-59.64868,203.5343,7.726281999999999,0.1684227,-0.6961279,-0.1720058,-0.6763533,-69.01377,154.0182,16.18696,0.1594647,-0.6075562,0.4131174,-0.6593788,-92.30134,137.8149,-4.374397,0.2184025,-0.6482319,-0.2374726,-0.6897119,200.0
694,-59.20982,204.1026,7.718736,0.1587182,-0.6956144,-0.161827,-0.6817192,-71.06249,155.3571,15.441270000000001,0.1473995,-0.5841485,0.4440546,-0.663219,-90.20526,138.9643,-5.441609,0.1890771,-0.6491864,-0.2304758,-0.6997769,213.33333333333334
695,-58.68201,204.5941,7.745141,0.1477322,-0.6960087,-0.1520961,-0.6860129,-73.09543,156.7353,14.67648,0.136905,-0.5595712,0.4764498,-0.6641782,-88.00628,139.9958,-6.481862,0.1443769,-0.654139,-0.236018,-0.7039554,226.66666666666669
696,-58.06308,204.99489999999997,7.827055,0.1373835,-0.6968898,-0.1440465,-0.6890001,-75.13710999999999,158.15019999999998,13.88748,0.1275538,-0.5379432,0.5098987,-0.6590527,-85.73142,140.8961,-7.485479000000001,0.09593952,-0.6596106,-0.249759,-0.7023745,240.0
697,-57.487869999999994,205.332,7.921821,0.1284498,-0.6978015,-0.1364089,-0.6913511,-77.20436000000001,159.5825,13.06068,0.1183591,-0.521355,0.5406509,-0.6495204,-83.40464,141.6723,-8.534908,0.05247034,-0.6603733,-0.2606655,-0.7022873,253.33333333333334
698,-56.915760000000006,205.6595,8.014834,0.1214848,-0.6978484,-0.1275769,-0.6942429,-79.27071,161.0063,12.20918,0.1096325,-0.5091864,0.5647045,-0.6401709,-81.0558,142.3108,-9.679973,0.02503979,-0.6542498,-0.2653531,-0.7077556,266.6666666666667
699,-56.46396,206.113,8.060545,0.1156441,-0.697722,-0.1194017,-0.6968169,-81.30772,162.4151,11.329799999999999,0.1010676,-0.4990274,0.5852612,-0.6310517,-78.70749,142.8741,-10.95227,0.01671663,-0.6419288,-0.2625433,-0.7202216,280.0
700,-56.057449999999996,206.48770000000002,8.110499,0.1080669,-0.698151,-0.1115896,-0.6988953,-83.30317000000001,163.767,10.43107,0.09484857,-0.4865063,0.607161,-0.6210241,-76.3656,143.4249,-12.34744,0.0222616,-0.6281564,-0.250399,-0.7363588,293.33333333333337
701,-55.615809999999996,206.80610000000001,8.202857,0.09997863,-0.6986028,-0.103365,-0.7009096,-85.28037,164.9843,9.524682,0.0924205,-0.4697184,0.6317744,-0.6096591,-74.01658,143.95329999999998,-13.81279,0.02463071,-0.617144,-0.2359973,-0.7502211,306.6666666666667
702,-55.16691,207.0827,8.289719,0.09280506,-0.6990708,-0.09575551,-0.7025086,-87.2696,166.0345,8.625787,0.09508508,-0.4469022,0.6596397,-0.5967518,-71.65536,144.3878,-15.35716,0.01660147,-0.6022373,-0.2375071,-0.7619875,320.0
703,-54.712559999999996,207.2618,8.346176,0.08567004,-0.6996233,-0.08907001,-0.7037432,-89.2347,166.9239,7.747471,0.1033317,-0.420046,0.6900646,-0.5802541,-69.29449,144.7695,-16.97709,-0.005754902,-0.5774114,-0.2554847,-0.7754291,333.33333333333337
704,-54.31564,207.4453,8.380777,0.0784606,-0.7005586,-0.08382799,-0.7042971,-91.14765,167.695,6.905842,0.1114862,-0.3885438,0.7216505,-0.5619832,-66.93,145.14800000000002,-18.62679,-0.03444555,-0.548073,-0.2750581,-0.7891594,346.6666666666667
705,-53.91738,207.5655,8.447766,0.07036381,-0.7018712,-0.07950516,-0.704347,-93.03681999999999,168.3396,6.127566,0.1187191,-0.3562907,0.7496938,-0.5449055,-64.60616999999999,145.5507,-20.25814,-0.0591939,-0.5179913,-0.2918867,-0.8018622,360.0
706,-53.52669,207.6318,8.535415,0.06249563,-0.7038388,-0.07681169,-0.703424,-94.89909,168.8752,5.412716,0.1268502,-0.3290676,0.7733318,-0.5268602,-62.325050000000005,145.9864,-21.84348,-0.07573806,-0.4909417,-0.3063118,-0.8120426,373.33333333333337
707,-53.11096,207.606,8.622509,0.05591152,-0.7058476,-0.07406627,-0.7022587,-96.73599,169.3927,4.745638,0.1337761,-0.3055935,0.7926394,-0.5103328,-60.06005,146.5549,-23.37793,-0.09011345,-0.4675222,-0.3144899,-0.8212178,386.6666666666667
708,-52.668380000000006,207.5222,8.66909,0.05230346,-0.707486,-0.07185251,-0.701117,-98.46958000000001,169.6851,4.218507,0.1389902,-0.2891449,0.8065537,-0.4965361,-57.802240000000005,147.3104,-24.918770000000002,-0.09471684,-0.4457921,-0.3113733,-0.8338733,400.0
709,-52.31342,207.498,8.641672,0.05059998,-0.7082976,-0.07047511,-0.7005622,-100.16149999999999,169.991,3.7504139999999997,0.1488973,-0.2687598,0.8209271,-0.4813275,-55.519529999999996,148.3237,-26.49631,-0.1029562,-0.4183446,-0.3010581,-0.8507361,413.33333333333337
710,-51.986529999999995,207.46370000000002,8.625239,0.0484952,-0.7087049,-0.06975871,-0.7003708,-101.7493,170.10670000000002,3.500074,0.1648366,-0.2420789,0.8362088,-0.463661,-53.216229999999996,149.5543,-28.10043,-0.1185352,-0.3855091,-0.2893794,-0.8680965,426.6666666666667
711,-51.70403,207.38439999999997,8.65199,0.04561456,-0.7090802,-0.06972185,-0.7001883,-103.2495,170.12460000000002,3.4770549999999996,0.1842089,-0.2066961,0.8509793,-0.4462937,-50.98184,150.87619999999998,-29.64851,-0.1381904,-0.3527372,-0.2928411,-0.8779088,440.0
712,-51.34976,207.23940000000002,8.736992,0.04310289,-0.7095056,-0.06886657,-0.7000009,-104.64880000000001,170.0727,3.6967930000000004,0.2090093,-0.1649447,0.8629398,-0.4294686,-48.80861,152.2623,-31.11712,-0.1635126,-0.3202646,-0.3065085,-0.8813323,453.33333333333337
713,-51.03881,207.1617,8.742446,0.04131794,-0.7101069,-0.06883662,-0.6995016,-105.9643,169.9888,4.154164,0.2358755,-0.1195626,0.8727651,-0.4103034,-46.71079,153.90699999999998,-32.51491,-0.1930463,-0.2855376,-0.3228828,-0.8814465,466.6666666666667
714,-50.80276,207.0901,8.749825,0.03862116,-0.7111766,-0.07076311,-0.6983758,-107.18620000000001,169.9227,4.816478,0.2627454,-0.07422972,0.8817117,-0.3847585,-44.65253,155.79639999999998,-33.81504,-0.2209852,-0.251265,-0.3332122,-0.8814766,480.0
715,-50.48971,206.9293,8.835632,0.03592756,-0.7121258,-0.07138918,-0.6974881,-108.29299999999999,169.8834,5.644774,0.2849317,-0.03380524,0.8894203,-0.3558129,-42.61,158.01909999999998,-34.97059,-0.2521574,-0.2123003,-0.337599,-0.8816872,493.33333333333337
716,-50.22266,206.80550000000002,8.844608,0.03491795,-0.7122457,-0.07022811,-0.6975348,-109.2263,169.8599,6.60342,0.297233,0.001624599,0.8980132,-0.3243798,-40.542410000000004,160.5721,-35.96039,-0.2838136,-0.1750799,-0.3268536,-0.8842871,506.6666666666667
717,-49.95079,206.6915,8.83159,0.03277206,-0.712079,-0.06968215,-0.6978638,-109.9189,169.8724,7.713675,0.3064299,0.04201009,0.903876,-0.2955404,-38.49728,163.33200000000002,-36.74968,-0.3131557,-0.1418768,-0.3151892,-0.8845679,520.0
718,-49.73445,206.5674,8.823782,0.02911418,-0.7117844,-0.07053213,-0.6982411,-110.395,169.9471,8.950096,0.3179539,0.0894492,0.9027854,-0.2754683,-36.51397,166.2248,-37.35662,-0.3456347,-0.1061575,-0.3132957,-0.8781304,533.3333333333334
719,-49.53754,206.4883,8.849269,0.0251779,-0.7115659,-0.07235582,-0.6984302,-110.7111,170.0755,10.23679,0.3291971,0.1326494,0.89699,-0.2635191,-34.51807,169.2416,-37.75942,-0.3843598,-0.06148902,-0.3186006,-0.8642802,546.6666666666667
720,-49.31474,206.40939999999998,8.900082,0.0214199,-0.7117003,-0.07398185,-0.6982481,-110.8829,170.2511,11.509450000000001,0.3391066,0.1598653,0.8900206,-0.2594475,-32.512809999999995,172.3723,-37.924459999999996,-0.4297097,-0.0152953,-0.3196833,-0.8443449,560.0
721,-49.11282,206.3202,8.934414,0.01973931,-0.7117031,-0.0743266,-0.6982583,-110.88210000000001,170.4385,12.71186,0.3473314,0.1693561,0.8838748,-0.2635237,-30.54924,175.5323,-37.9015,-0.4699809,0.02795905,-0.3185242,-0.8227262,573.3333333333334
722,-48.90931,206.27800000000002,8.937454,0.02055287,-0.7110189,-0.07325257,-0.699045,-110.6412,170.5873,13.816909999999998,0.3551956,0.1674666,0.8766395,-0.2780184,-28.6514,178.748,-37.714769999999994,-0.504219,0.07263725,-0.3137852,-0.8012651,586.6666666666667
723,-48.76914,206.3428,8.958381,0.02242678,-0.709486,-0.07218663,-0.7006538,-110.1577,170.6808,14.79673,0.3668428,0.1601814,0.8673139,-0.2958628,-26.78142,182.02259999999998,-37.3318,-0.5343582,0.1180682,-0.2988353,-0.7818048,600.0
724,-48.65575,206.4616,9.023613,0.02232209,-0.7080646,-0.07328885,-0.7019793,-109.4949,170.7253,15.588859999999999,0.3743761,0.1524636,0.8619676,-0.3059562,-24.95196,185.3472,-36.71436,-0.5660003,0.1603849,-0.2728953,-0.7612152,613.3333333333334
725,-48.528549999999996,206.57800000000003,9.161496,0.02074962,-0.707061,-0.07626794,-0.7027214,-108.693,170.7084,16.175800000000002,0.3690124,0.1426423,0.8651277,-0.3082809,-23.18422,188.6709,-35.84639,-0.5992095,0.2086086,-0.2431977,-0.7336794,626.6666666666667
726,-48.40584,206.7555,9.339255,0.01963103,-0.7064771,-0.08062567,-0.7028543,-107.8344,170.6218,16.6277,0.3547336,0.1291104,0.8730932,-0.3085497,-21.452180000000002,191.9732,-34.718959999999996,-0.6320313,0.2627853,-0.2040604,-0.6998854,640.0
727,-48.34459,207.0118,9.611773,0.01871373,-0.7061464,-0.08359843,-0.7028644,-106.5709,170.3683,16.83016,0.3208061,0.1034293,0.8876455,-0.3138013,-19.78761,195.1287,-33.44173,-0.6576098,0.3130921,-0.1571086,-0.666963,653.3333333333334
728,-48.30983,207.40949999999998,9.93942,0.01723974,-0.7062596,-0.0852297,-0.7025924,-105.101,170.0969,16.957330000000002,0.2890669,0.0711411,0.8934764,-0.3362726,-18.199740000000002,198.111,-32.01605,-0.6755757,0.3641884,-0.1048224,-0.6324371,666.6666666666667
729,-48.2475,207.85420000000002,10.32506,0.0144382,-0.7073186,-0.08724535,-0.7013417,-103.37019999999998,169.8442,16.98737,0.2599615,0.02346921,0.8899565,-0.3739608,-16.704430000000002,200.8527,-30.46337,-0.6892223,0.4051978,-0.04483589,-0.5989799,680.0
730,-48.18165,208.30280000000002,10.74888,0.01104015,-0.7088743,-0.09073144,-0.6993876,-101.4188,169.68,16.964760000000002,0.2293488,-0.03455649,0.879097,-0.4164053,-15.36407,203.34449999999998,-28.72812,-0.7039087,0.43714,0.01574567,-0.5596187,693.3333333333334
731,-48.11218,208.73370000000003,11.24399,0.00761839,-0.7110365,-0.09458979,-0.6967222,-99.3107,169.6583,16.93866,0.1981567,-0.08926103,0.8612367,-0.4593884,-14.104410000000001,205.5129,-26.919140000000002,-0.7160661,0.4652461,0.08175018,-0.5139186,706.6666666666667
732,-47.96948,209.18030000000002,11.7517,0.006488209,-0.7130467,-0.09660335,-0.6943991,-97.03461,169.8657,16.9376,0.1702139,-0.1303503,0.8388597,-0.5003505,-12.94929,207.3254,-25.1983,-0.7160172,0.5001994,0.1469164,-0.464258,720.0
733,-47.96596,209.79139999999998,12.349440000000001,0.006710171,-0.7146149,-0.09536831,-0.6929541,-94.93296,170.2065,17.03744,0.1528678,-0.1532972,0.8211105,-0.5281184,-11.958549999999999,208.7754,-23.691309999999998,-0.698622,0.5410078,0.2132603,-0.4168429,733.3333333333334
734,-47.92733,210.39620000000002,12.998429999999999,0.006889055,-0.7163647,-0.08985844,-0.6918812,-92.99906,170.63060000000002,17.16877,0.1425062,-0.1611395,0.8127065,-0.5415109,-11.209529999999999,209.8084,-22.464290000000002,-0.6711409,0.5730786,0.2861105,-0.3732179,746.6666666666667
735,-47.86067,210.93030000000002,13.58673,0.00728716,-0.7189118,-0.08301447,-0.6900879,-91.27311,171.0661,17.255480000000002,0.1316779,-0.1625465,0.8138075,-0.542178,-10.86906,210.4283,-21.60623,-0.6343226,0.5955554,0.3635795,-0.332804,760.0
736,-47.683409999999995,211.3467,14.10029,0.006787532,-0.7212325,-0.07647333,-0.6884254,-89.70665,171.50289999999998,17.27391,0.1167381,-0.1647758,0.8222529,-0.5320914,-11.08685,210.7734,-21.1919,-0.5965434,0.6004489,0.4426602,-0.2960556,773.3333333333334
737,-47.369119999999995,211.6872,14.57889,0.007271307,-0.7229109,-0.0717819,-0.6871641,-88.23453,171.9036,17.2399,0.1104745,-0.1679036,0.8292802,-0.5214385,-11.74228,211.1319,-21.19553,-0.556146,0.5971525,0.5128906,-0.2665592,786.6666666666667
738,-46.98367,211.99599999999998,14.9892,0.009621585,-0.7237277,-0.07034446,-0.6864235,-86.84217,172.2567,17.04148,0.106391,-0.166147,0.8371669,-0.5101253,-13.04572,211.5208,-21.79737,-0.5016306,0.5946681,0.5749226,-0.2533787,800.0
739,-46.57426,212.3542,15.50127,0.01327007,-0.7239302,-0.07240728,-0.6859345,-85.4157,172.543,16.682920000000003,0.09891851,-0.1596368,0.841547,-0.5064876,-15.75722,212.25079999999997,-23.722009999999997,-0.4160571,0.5664461,0.6529337,-0.2823348,813.3333333333334
740,-46.28043,212.7491,16.04902,0.01684378,-0.72519,-0.07553433,-0.6841859,-83.91677,172.7463,16.187099999999997,0.08876736,-0.1599488,0.8379264,-0.5142142,-19.967209999999998,214.32410000000002,-26.55689,-0.3556579,0.4615573,0.7446809,-0.3254576,826.6666666666667
741,-46.05632,213.26049999999998,16.52842,0.01831307,-0.7274722,-0.07651913,-0.6816111,-82.31934,172.824,15.55352,0.07915989,-0.1636503,0.828999,-0.5288789,-25.61387,218.4701,-29.43825,-0.3490897,0.3404012,0.7898692,-0.3719812,840.0
742,-45.96279,213.7943,16.90372,0.01720831,-0.7286861,-0.0748098,-0.6805321,-80.65598,172.6855,14.81026,0.06921548,-0.1648138,0.8237315,-0.5380634,-32.31845,224.85879999999997,-31.72256,-0.3567506,0.2484507,0.7623301,-0.4794312,853.3333333333334
743,-46.039609999999996,214.14110000000002,17.27264,0.01085645,-0.7272705,-0.06993148,-0.6826928,-78.97216,172.2362,14.01597,0.06230847,-0.1618696,0.8241634,-0.5391388,-41.48181,234.6038,-33.46706,-0.3707972,0.1441255,0.6065783,-0.6883314,866.6666666666667
744,-45.819880000000005,214.14499999999998,17.698230000000002,-0.001221348,-0.7223749,-0.0666312,-0.6882828,-77.21058,171.3958,13.273489999999999,0.06165356,-0.1499727,0.8202093,-0.5486018,-54.18657999999999,245.4252,-34.690929999999994,-0.3520702,-0.01152211,0.3466746,-0.8693275,880.0
745,-45.63389,213.99309999999997,18.08951,-0.01139052,-0.7192553,-0.07054462,-0.6910611,-75.31961,170.1952,12.685160000000002,0.07281362,-0.1290045,0.8016671,-0.579125,-71.82803,253.5806,-34.89386,-0.3110775,-0.1938066,0.09809276,-0.9252284,893.3333333333334
746,-45.57891,213.8063,18.445230000000002,-0.02078947,-0.7206128,-0.07996316,-0.6883973,-73.34756999999999,168.785,12.23108,0.08269567,-0.1122902,0.7802976,-0.6096623,-92.80859,255.5355,-32.87169,-0.2679377,-0.339417,-0.09275196,-0.896885,906.6666666666667
747,-45.420480000000005,213.66869999999997,18.63868,-0.025161,-0.724798,-0.08495712,-0.6832402,-71.37531,167.34009999999998,11.79654,0.07737481,-0.1151054,0.7719532,-0.6203644,-113.2927,249.4549,-27.405459999999998,-0.2714349,-0.4150887,-0.3477288,-0.7956816,920.0
748,-45.32056,213.71669999999997,18.62717,-0.02095265,-0.7279378,-0.08561452,-0.6799542,-69.43986,165.9003,11.33763,0.05289277,-0.1352291,0.7668712,-0.6251591,-126.8932,235.3049,-19.798959999999997,-0.3454064,-0.4804211,-0.5025153,-0.6303717,933.3333333333334
749,-45.67633,214.1736,18.38842,-0.02035093,-0.7272319,-0.08745197,-0.6804939,-67.50381,164.5031,10.918600000000001,0.01588679,-0.1587206,0.7450984,-0.6475985,-129.7655,217.7144,-14.165230000000001,-0.3614252,-0.3698898,-0.7189771,-0.4643549,946.6666666666667
750,-46.26675,214.9699,18.209249999999997,-0.03637435,-0.7264361,-0.09696207,-0.6793863,-65.71937,163.1135,10.45524,-0.01055795,-0.2015298,0.6805878,-0.7043256,-124.2269,204.2914,-10.96213,-0.4243139,-0.1174462,-0.8977985,0.01103942,960.0
751,-47.07007,215.3531,18.64236,-0.06627075,-0.7269301,-0.1047417,-0.6754332,-64.19837000000001,161.6995,9.977922,-0.01429048,-0.2365033,0.5815173,-0.7782671,-117.1741,203.53949999999998,-9.359919999999999,-0.5572259,0.1727968,-0.8079742,0.08257352,973.3333333333334
752,-47.29996,214.81940000000003,19.60652,-0.0833869,-0.7272007,-0.08626813,-0.6758578,-62.99882,160.3157,9.562063,-0.003645629,-0.2407937,0.4962065,-0.8341368,-114.6351,207.3928,-4.099303,-0.6614551,-0.0449475,-0.47678,-0.5771809,986.6666666666667
753,-47.1154,214.19830000000002,20.227719999999998,-0.07552974,-0.7270618,-0.05303881,-0.6803405,-62.167790000000004,158.9621,9.184191,0.01756151,-0.2495956,0.4653249,-0.8490385,-113.548,207.3509,0.22112730000000003,-0.3673885,-0.4465786,-0.1573229,-0.8005265,1000.0
754,-47.29457,214.04610000000002,19.93824,-0.06466624,-0.7290291,-0.0325482,-0.6806434,-61.56836,157.6115,8.922207,0.02473268,-0.263073,0.4913712,-0.8299007,-112.84639999999999,206.0931,1.4599739999999999,-0.3313723,-0.4498118,-0.2576453,-0.7883404,1013.3333333333334
755,-47.632960000000004,213.7946,19.26897,-0.07182909,-0.7341954,-0.03211281,-0.6743638,-61.151489999999995,156.3324,8.817455,0.0288361,-0.2936947,0.5186704,-0.8024294,-112.8998,204.2459,1.1637929999999999,-0.3708605,-0.3920727,-0.337385,-0.771306,1026.6666666666667
756,-47.42711,212.986,18.76739,-0.08479141,-0.7377211,-0.04624963,-0.668161,-60.762139999999995,155.1261,8.90418,0.04255096,-0.3455531,0.510556,-0.7862028,-113.7105,200.73020000000002,0.6485403,-0.3293666,-0.406693,-0.3859291,-0.7597216,1040.0
757,-47.34149,212.19389999999999,18.69552,-0.08641299,-0.7387641,-0.06004615,-0.6656988,-60.18981,154.00990000000002,9.181899,0.05169142,-0.3889083,0.4758266,-0.7871894,-114.6624,195.7825,0.7353246,-0.3101518,-0.4399647,-0.4708363,-0.6989637,1053.3333333333335
758,-47.439530000000005,211.79649999999998,18.98339,-0.07553627,-0.736958,-0.06178747,-0.6688569,-59.390209999999996,153.038,9.499091,0.05627488,-0.4191148,0.4197918,-0.8030883,-115.1251,190.5587,1.14187,-0.3443154,-0.4284365,-0.5893097,-0.5921175,1066.6666666666667
759,-47.4937,211.79899999999998,19.24151,-0.05813837,-0.733717,-0.05123149,-0.675022,-58.47504,152.22549999999998,9.785803999999999,0.05649257,-0.4378187,0.3556671,-0.8237865,-114.757,186.1557,1.36137,-0.3770855,-0.419913,-0.6592799,-0.4968196,1080.0
760,-47.60692,212.0616,19.349230000000002,-0.04159884,-0.7296364,-0.04046199,-0.6813686,-57.59454,151.47729999999999,10.012649999999999,0.05183709,-0.4537819,0.3072207,-0.8348714,-113.92040000000001,183.2171,1.09728,-0.3898722,-0.4356253,-0.6654697,-0.464091,1093.3333333333335
761,-47.962880000000006,212.40359999999998,19.27638,-0.03759908,-0.724422,-0.03822088,-0.6872687,-56.792069999999995,150.8357,10.24553,0.05478408,-0.4669725,0.2853104,-0.8351845,-113.06540000000001,181.4634,0.2907872,-0.3753397,-0.4373595,-0.667279,-0.471779,1106.6666666666667
762,-48.17166,212.5496,19.38022,-0.04705658,-0.7201512,-0.04502775,-0.6907535,-56.12918,150.1782,10.4583,0.06512433,-0.4758677,0.2829995,-0.8301927,-112.4546,180.5555,-0.6163418,-0.3549984,-0.439638,-0.6612684,-0.4933748,1120.0
763,-48.330709999999996,212.48260000000002,19.94693,-0.06220671,-0.717733,-0.05515023,-0.6913379,-55.61866,149.4962,10.62165,0.08149468,-0.4841652,0.2847516,-0.8233221,-112.1283,180.2584,-1.540381,-0.3411474,-0.4333424,-0.6371186,-0.5384354,1133.3333333333335
764,-48.50669,212.2538,20.589969999999997,-0.07066182,-0.7197127,-0.05822247,-0.6882084,-55.21154000000001,148.859,10.756350000000001,0.09928835,-0.4913048,0.2783847,-0.8193066,-111.9024,179.8402,-2.2428690000000002,-0.3323852,-0.4284698,-0.6100607,-0.5777194,1146.6666666666667
765,-48.46418,211.92000000000002,20.99418,-0.06999017,-0.7264624,-0.05522468,-0.6813986,-54.85384,148.363,10.84875,0.1126132,-0.4965918,0.2645915,-0.8189664,-111.3902,179.485,-2.903789,-0.3321073,-0.4236348,-0.586166,-0.6055145,1160.0
766,-48.341440000000006,211.7549,21.02353,-0.0631362,-0.7344967,-0.05395335,-0.6735113,-54.53310999999999,148.0371,10.95458,0.1226815,-0.5011914,0.2552361,-0.8176863,-110.6167,178.4964,-3.383309,-0.3384772,-0.4149699,-0.5930429,-0.6012763,1173.3333333333335
767,-48.26357,211.78,20.93788,-0.05684821,-0.7411252,-0.05868158,-0.666377,-54.26884,147.8422,11.13551,0.1329863,-0.5037755,0.2479544,-0.8167274,-109.4367,177.18789999999998,-3.687662,-0.3640836,-0.3941088,-0.6237367,-0.568396,1186.6666666666667
768,-48.27306,211.8675,20.78956,-0.05425278,-0.7464616,-0.06834385,-0.6596823,-54.07445,147.7354,11.37701,0.1424369,-0.5088849,0.244169,-0.8130987,-107.9092,175.60229999999999,-3.708172,-0.391795,-0.3760589,-0.6537533,-0.5269563,1200.0
769,-48.31707,211.8344,20.76674,-0.05592262,-0.7502286,-0.07689999,-0.6543058,-53.93809,147.684,11.67338,0.150853,-0.5128506,0.2391774,-0.8105688,-106.145,173.7668,-3.4065900000000005,-0.4014397,-0.3788151,-0.6766909,-0.4872728,1213.3333333333335
770,-48.32773,211.7479,20.87938,-0.05706942,-0.7529572,-0.0830908,-0.6503035,-53.852180000000004,147.6583,11.99927,0.1578091,-0.5163985,0.2310041,-0.8093616,-104.1581,171.9244,-2.8580810000000003,-0.3934607,-0.4119451,-0.6861553,-0.4524168,1226.6666666666667
771,-48.373129999999996,211.74559999999997,20.98585,-0.05489353,-0.7561848,-0.08571745,-0.6463928,-53.82141,147.6546,12.31277,0.1608461,-0.5202823,0.2218094,-0.8088481,-101.96499999999999,170.3809,-2.286845,-0.3852391,-0.4514289,-0.6829915,-0.4258232,1240.0
772,-48.33472,211.7734,20.995620000000002,-0.05012593,-0.759106,-0.08528454,-0.6434066,-53.83363,147.6823,12.611149999999999,0.1602402,-0.5231436,0.212439,-0.8096379,-99.69627,169.1448,-1.8082859999999998,-0.3812024,-0.4811806,-0.6771446,-0.4057401,1253.3333333333335
773,-48.304629999999996,211.8389,20.815549999999998,-0.04391979,-0.7612773,-0.08428402,-0.6414236,-53.87573,147.76180000000002,12.906460000000001,0.1579008,-0.5252988,0.2069046,-0.8101351,-97.42156,168.125,-1.4783620000000002,-0.3758757,-0.5058635,-0.6709601,-0.3906817,1266.6666666666667
774,-48.29712,211.9328,20.51986,-0.03912155,-0.7619234,-0.08345874,-0.6410748,-53.96382,147.90810000000002,13.21289,0.1546798,-0.5273291,0.206843,-0.8094531,-95.15675,167.32240000000002,-1.26608,-0.382699,-0.5162786,-0.6711122,-0.3696031,1280.0
775,-48.26241,212.003,20.26838,-0.03681933,-0.7607961,-0.08260604,-0.6426583,-54.10429,148.1012,13.546240000000001,0.1533849,-0.5299791,0.2079203,-0.8076907,-92.90518,166.7498,-1.1809800000000001,-0.3999717,-0.5181093,-0.6716169,-0.3471545,1293.3333333333335
776,-48.312850000000005,212.07090000000002,20.1794,-0.03684145,-0.7590422,-0.08215709,-0.644785,-54.28001999999999,148.3424,13.89838,0.152645,-0.5329867,0.2093101,-0.8054899,-90.73502,166.337,-1.198822,-0.4128585,-0.514087,-0.6710029,-0.3391424,1306.6666666666667
777,-48.291830000000004,212.0747,20.1573,-0.0378534,-0.7583693,-0.08167904,-0.6455785,-54.488170000000004,148.63230000000001,14.27066,0.1508455,-0.5352501,0.2119965,-0.8036234,-88.64056000000001,166.04350000000002,-1.213479,-0.4219339,-0.5164831,-0.6615693,-0.3428458,1320.0
778,-48.273830000000004,212.0078,20.06845,-0.03808343,-0.7580291,-0.07977188,-0.6462027,-54.738580000000006,148.9388,14.645990000000001,0.1479825,-0.5372239,0.2143629,-0.8022096,-86.58576,165.8023,-1.190919,-0.4312507,-0.5254115,-0.6450563,-0.349096,1333.3333333333335
779,-48.2167,211.91580000000002,19.85453,-0.03664505,-0.7573727,-0.07776134,-0.6472998,-55.02608,149.2484,15.01719,0.1442877,-0.540036,0.2170681,-0.8002648,-84.54118000000001,165.5307,-1.1655179999999998,-0.4384136,-0.5343407,-0.6325588,-0.3494893,1346.6666666666667
780,-48.14901,211.85520000000002,19.62885,-0.03495706,-0.7561778,-0.07812921,-0.648744,-55.32354,149.5512,15.38826,0.1389004,-0.5411618,0.2135063,-0.8014148,-82.49371,165.2162,-1.159665,-0.4443448,-0.5464794,-0.6219568,-0.3421807,1360.0
781,-48.1355,211.83589999999998,19.45807,-0.0337392,-0.7546813,-0.08004196,-0.6503162,-55.64902000000001,149.8509,15.730060000000002,0.133962,-0.5410247,0.2085354,-0.8036538,-80.45872,164.8807,-1.274258,-0.4409136,-0.5605592,-0.6151679,-0.3360611,1373.3333333333335
782,-48.054190000000006,211.81619999999998,19.34986,-0.0320663,-0.7535743,-0.08235265,-0.6513951,-56.02379,150.1138,16.04249,0.1293727,-0.5416852,0.2078413,-0.8041406,-78.58521,164.4936,-1.4659520000000001,-0.4232825,-0.5760915,-0.6110927,-0.3398768,1386.6666666666667
783,-47.9892,211.8237,19.12829,-0.02916355,-0.7529196,-0.08319296,-0.6521815,-56.434830000000005,150.34730000000002,16.32718,0.1276622,-0.5427001,0.2120612,-0.8026263,-76.86157,164.09,-1.673016,-0.4003427,-0.5955524,-0.6033962,-0.3477874,1400.0
784,-47.91083,211.84799999999998,18.82283,-0.0260115,-0.7519994,-0.08393768,-0.6532801,-56.85315,150.55190000000002,16.59729,0.1268447,-0.5428584,0.2187234,-0.800859,-75.22681,163.6721,-1.8832890000000002,-0.3787413,-0.6154994,-0.5943025,-0.3528742,1413.3333333333335
785,-47.8802,211.8793,18.550829999999998,-0.02421302,-0.7508708,-0.0852645,-0.6544745,-57.313570000000006,150.7244,16.82307,0.1254368,-0.5421297,0.2258472,-0.7995963,-73.66949000000001,163.2477,-2.145422,-0.3559099,-0.631364,-0.5872846,-0.3602839,1426.6666666666667
786,-47.8101,211.86370000000002,18.35893,-0.02321279,-0.7499861,-0.0874726,-0.6552333,-57.81773,150.8643,16.97821,0.1237804,-0.5424224,0.2317854,-0.7979548,-72.24803,162.7879,-2.4575199999999997,-0.3323092,-0.6457669,-0.57886,-0.3707786,1440.0
787,-47.72654,211.8576,18.192050000000002,-0.02133693,-0.749949,-0.08989771,-0.6550112,-58.29041,150.9935,17.102249999999998,0.1216705,-0.5405462,0.237283,-0.7979367,-70.94001,162.273,-2.824017,-0.3116991,-0.6552471,-0.5735798,-0.3801332,1453.3333333333335
788,-47.66171,211.87939999999998,17.991699999999998,-0.01815516,-0.7506325,-0.09036797,-0.6542591,-58.73241,151.11939999999998,17.19907,0.119046,-0.5339418,0.2412744,-0.8015741,-69.72326,161.69819999999999,-3.234601,-0.2996692,-0.6589617,-0.5711761,-0.3869443,1466.6666666666667
789,-47.52202,211.915,17.66105,-0.01402816,-0.7512752,-0.08967298,-0.6537182,-59.177769999999995,151.2024,17.19125,0.1201775,-0.525305,0.246715,-0.8054463,-68.55057,161.09640000000002,-3.642583,-0.2918254,-0.660419,-0.5676667,-0.3955241,1480.0
790,-47.38994,211.925,17.24983,-0.01004022,-0.7508366,-0.08958412,-0.6543075,-59.63436,151.2989,17.14183,0.1232544,-0.5178342,0.2584908,-0.8061257,-67.42164000000001,160.4789,-4.041493,-0.281532,-0.6632729,-0.5608909,-0.4076888,1493.3333333333335
791,-47.2436,211.9085,16.838739999999998,-0.0068909,-0.7493411,-0.09063194,-0.6559163,-60.09687,151.4271,17.06789,0.1269103,-0.5108982,0.2736979,-0.8049636,-66.35624,159.8135,-4.485533,-0.2596755,-0.6627021,-0.5567669,-0.4282583,1506.6666666666667
792,-47.11125,211.87689999999998,16.49418,-0.00451708,-0.7470915,-0.09335033,-0.6581182,-60.57311,151.6103,16.9312,0.1302468,-0.5037619,0.2849902,-0.8050095,-65.33481,159.1017,-5.001402,-0.2301126,-0.6587405,-0.5536433,-0.45452,1520.0
793,-47.01011,211.8999,16.20852,-0.002562091,-0.7454514,-0.09670883,-0.6595022,-61.04594,151.8657,16.727719999999998,0.1296446,-0.4979177,0.2925996,-0.8060123,-64.33449,158.3767,-5.560803,-0.2013616,-0.6516812,-0.5502546,-0.4816481,1533.3333333333335
794,-46.91794,211.9252,15.9736,-0.001057243,-0.7443882,-0.09936491,-0.6603119,-61.50829,152.2002,16.457559999999997,0.1240723,-0.492703,0.3007309,-0.8071001,-63.29711999999999,157.6329,-6.041113,-0.1855651,-0.6457676,-0.5505992,-0.495369,1546.6666666666667
795,-46.839710000000004,211.954,15.71116,0.0009542834,-0.7439091,-0.100369,-0.6607001,-61.96944,152.5992,16.13139,0.1177401,-0.4883782,0.3061503,-0.8086383,-62.22296000000001,156.83689999999999,-6.477723,-0.1710126,-0.6427229,-0.5520499,-0.5028945,1560.0
796,-46.713300000000004,211.97499999999997,15.382219999999998,0.003025566,-0.7438666,-0.100027,-0.6607933,-62.42588,153.0393,15.75202,0.1134532,-0.4866314,0.3077997,-0.8096775,-61.134840000000004,156.0119,-6.898633,-0.1494774,-0.6394225,-0.5546965,-0.5109864,1573.3333333333335
797,-46.60301,211.9539,15.01008,0.004883807,-0.7436763,-0.09981132,-0.6610291,-62.86951,153.51399999999998,15.330530000000001,0.109682,-0.4832554,0.3126813,-0.8103484,-60.060970000000005,155.2088,-7.2944759999999995,-0.1209728,-0.6365954,-0.5534258,-0.5232893,1586.6666666666667
798,-46.466210000000004,211.9049,14.62281,0.007845187,-0.7429956,-0.09954119,-0.6618063,-63.278009999999995,154.0038,14.89696,0.1042213,-0.4759492,0.3224958,-0.8115459,-59.02096999999999,154.5015,-7.662605999999999,-0.09392333,-0.6312869,-0.5513567,-0.5372719,1600.0
799,-46.31746,211.8903,14.178959999999998,0.01211753,-0.7415614,-0.09838115,-0.6635218,-63.67433,154.4958,14.430219999999998,0.09812761,-0.4668758,0.3327369,-0.8134396,-58.00436,153.9467,-8.023906,-0.07589512,-0.6206214,-0.547557,-0.5561028,1613.3333333333335
800,-46.18392,211.8579,13.670370000000002,0.01642639,-0.7392132,-0.09727198,-0.6662073,-64.06522,154.9719,13.921159999999999,0.09438787,-0.4601186,0.3410986,-0.8142688,-57.011120000000005,153.4853,-8.345842000000001,-0.0564265,-0.611518,-0.5388656,-0.5766157,1626.6666666666667
801,-46.00532,211.79709999999997,13.18814,0.02067556,-0.7354668,-0.09773237,-0.6701563,-64.43514,155.4421,13.37236,0.08917871,-0.4541762,0.3484112,-0.8150955,-56.04494,153.0599,-8.59713,-0.03876897,-0.6038705,-0.5319063,-0.5923792,1640.0
802,-45.93728,211.7538,12.763050000000002,0.02490948,-0.7311175,-0.09956595,-0.6744875,-64.74922,155.9026,12.798889999999998,0.0807877,-0.4461151,0.353866,-0.818067,-55.068760000000005,152.6841,-8.848554,-0.0235382,-0.593816,-0.5242804,-0.6098841,1653.3333333333335
803,-45.881389999999996,211.6715,12.39645,0.02831649,-0.7265881,-0.1008756,-0.6790377,-65.02322000000001,156.35660000000001,12.19276,0.07374126,-0.4344972,0.3581503,-0.8231056,-54.09681,152.301,-9.089106,-0.0007923989,-0.5850605,-0.5136717,-0.6275707,1666.6666666666667
804,-45.74034,211.5322,12.028220000000001,0.03283748,-0.7220898,-0.1024017,-0.6833901,-65.27232,156.7937,11.53392,0.06748798,-0.4235028,0.36309,-0.827198,-53.14314,151.917,-9.253936999999999,0.02095126,-0.5765299,-0.5099347,-0.6380759,1680.0
805,-45.6356,211.3594,11.61098,0.03899782,-0.7173563,-0.1039303,-0.6878064,-65.50435,157.216,10.82859,0.05981219,-0.4126883,0.3705749,-0.8299308,-52.204660000000004,151.5687,-9.320977,0.03620232,-0.5721172,-0.508822,-0.6422394,1693.3333333333335
806,-45.521260000000005,211.177,11.1771,0.04658997,-0.7119015,-0.106086,-0.6926553,-65.70522,157.6247,10.108789999999999,0.05188815,-0.4011684,0.3770541,-0.8331877,-51.318450000000006,151.25029999999998,-9.320831,0.05040481,-0.5717304,-0.5040432,-0.645387,1706.6666666666667
807,-45.39671,210.9846,10.7334,0.05432117,-0.7060499,-0.1095538,-0.6975248,-65.87241,158.0061,9.367277999999999,0.04529536,-0.3875495,0.3817541,-0.8378649,-50.53954,150.9069,-9.322637,0.07101184,-0.5703255,-0.4959823,-0.650913,1720.0
808,-45.30118,210.8095,10.36359,0.06225335,-0.6999162,-0.1145475,-0.7022255,-66.00274999999999,158.34619999999998,8.608013,0.04041384,-0.373531,0.3889825,-0.8411503,-49.750119999999995,150.6402,-9.344167,0.08799338,-0.5694653,-0.4779719,-0.662955,1733.3333333333335
809,-45.19565,210.5567,10.03366,0.0699876,-0.6941146,-0.1203549,-0.7062729,-66.10445,158.6446,7.847342,0.03532623,-0.3573155,0.3994074,-0.8435351,-49.035050000000005,150.3042,-9.357840000000001,0.1055013,-0.5696567,-0.4645981,-0.6697084,1746.6666666666667
810,-45.07506,210.2799,9.747207,0.07844843,-0.6884819,-0.1261179,-0.7098822,-66.18889999999999,158.8927,7.099661,0.03170057,-0.340125,0.4106487,-0.8453861,-48.34348,149.93,-9.370172,0.1079355,-0.5657154,-0.4671948,-0.670854,1760.0
811,-44.98589,210.0304,9.465617,0.08805632,-0.6829715,-0.1313052,-0.7131304,-66.24262,159.05700000000002,6.358874,0.030332,-0.3238825,0.4228611,-0.8457947,-47.64893,149.532,-9.37452,0.1043649,-0.5633217,-0.4744089,-0.6683659,1773.3333333333335
812,-44.894909999999996,209.81109999999998,9.161788,0.09787424,-0.6774901,-0.1361652,-0.7161611,-66.29949,159.1764,5.647632000000001,0.02898951,-0.307491,0.4355212,-0.8455353,-46.99465,149.1539,-9.373307,0.09489699,-0.5595814,-0.4863425,-0.6643298,1786.6666666666667
813,-44.84634,209.6503,8.854258,0.1069198,-0.6722059,-0.141061,-0.7188945,-66.35369,159.23229999999998,4.976943,0.02769534,-0.2902082,0.4487875,-0.8447497,-46.41437,148.839,-9.372616,0.08256518,-0.5560628,-0.4930077,-0.6640185,1800.0
814,-44.84861,209.4852,8.586829999999999,0.1142594,-0.6675153,-0.1462503,-0.7210957,-66.4023,159.2289,4.352412,0.02612684,-0.2753165,0.4596577,-0.8439389,-45.900600000000004,148.5677,-9.390247,0.07840655,-0.5540603,-0.4864869,-0.6709696,1813.3333333333335
815,-44.73023,209.2148,8.35948,0.1207525,-0.6630855,-0.1512115,-0.7230986,-66.44700999999999,159.2123,3.741896,0.02383364,-0.2600664,0.4684582,-0.8440048,-45.46095,148.2875,-9.444082,0.08655389,-0.5510228,-0.469386,-0.6845137,1826.6666666666667
816,-44.6404,208.9229,8.190387000000001,0.1276743,-0.6590337,-0.1564088,-0.7245069,-66.46498,159.1261,3.18794,0.02289986,-0.2455225,0.4753195,-0.8445504,-45.04996,147.96970000000002,-9.534088,0.1050624,-0.5478728,-0.4476277,-0.6988753,1840.0
817,-44.5709,208.61010000000002,8.039171,0.1353129,-0.6554548,-0.1615214,-0.7252451,-66.46638,158.9886,2.6753869999999997,0.02219303,-0.2322759,0.4809171,-0.8451474,-44.60927,147.62519999999998,-9.623516,0.1226819,-0.5436978,-0.4320021,-0.7090247,1853.3333333333335
818,-44.50052,208.31279999999998,7.869142,0.1431683,-0.6524563,-0.1664065,-0.7253361,-66.45029,158.79000000000002,2.225208,0.02385211,-0.2180342,0.4856541,-0.846187,-44.182300000000005,147.27859999999998,-9.692663,0.1374338,-0.5397492,-0.4261269,-0.7128805,1866.6666666666667
819,-44.4582,208.0641,7.725698,0.1502646,-0.6498342,-0.1713666,-0.7250997,-66.41920999999999,158.5156,1.8303159999999998,0.02768989,-0.2029988,0.4921139,-0.8460785,-43.75913,146.9138,-9.734243,0.1475582,-0.5364907,-0.429065,-0.711553,1880.0
820,-44.3568,207.7823,7.62251,0.1570745,-0.6472867,-0.1760739,-0.7248073,-66.3853,158.1433,1.502261,0.03208483,-0.1882109,0.5010306,-0.8441064,-43.3954,146.5468,-9.776258,0.1553546,-0.5300255,-0.4369107,-0.7099627,1893.3333333333335
821,-44.22016,207.5234,7.5438019999999995,0.1644522,-0.6448837,-0.1813665,-0.7240074,-66.36144,157.6674,1.244089,0.03702293,-0.1722932,0.5120461,-0.840686,-43.13022,146.2813,-9.82402,0.1588145,-0.5227987,-0.4431174,-0.7107084,1906.6666666666667
822,-44.164179999999995,207.3215,7.48567,0.1717324,-0.6422839,-0.1872586,-0.7231277,-66.37615,157.0852,1.071882,0.04300535,-0.1557474,0.5272132,-0.8342299,-42.87748,146.0978,-9.866381,0.1612725,-0.5167738,-0.4408241,-0.7159681,1920.0
823,-44.18409,207.15599999999998,7.478446,0.1779463,-0.6404389,-0.1930175,-0.721746,-66.44133,156.432,0.9847999,0.05044407,-0.1373191,0.5466087,-0.8245106,-42.7049,146.0515,-9.897053,0.1654666,-0.5110565,-0.4338595,-0.7233312,1933.3333333333335
824,-44.22898,206.99239999999998,7.478321,0.1828296,-0.6393251,-0.1971106,-0.7204055,-66.53733,155.7426,0.9687304000000001,0.05813156,-0.1197979,0.5662709,-0.8133919,-42.56369,146.1027,-9.911835,0.1699452,-0.5051029,-0.4250126,-0.7316788,1946.6666666666667
825,-44.27783,206.87630000000001,7.4623289999999995,0.1858436,-0.6386731,-0.2001541,-0.7193727,-66.63855,155.0542,1.016715,0.066314,-0.1061283,0.5828974,-0.8028511,-42.44916,146.2304,-9.899049999999999,0.1759988,-0.5004926,-0.4130034,-0.740243,1960.0
826,-44.31839,206.76899999999998,7.4549199999999995,0.187629,-0.6383346,-0.2034181,-0.7182934,-66.7383,154.3784,1.125586,0.07411593,-0.09572735,0.5937638,-0.7954795,-42.35796,146.4296,-9.848252,0.1836308,-0.4981533,-0.401071,-0.7465019,1973.3333333333335
827,-44.35008,206.6205,7.488889,0.1884377,-0.6382685,-0.2068079,-0.7171716,-66.83525999999999,153.715,1.279449,0.08031368,-0.08889469,0.5984945,-0.7921185,-42.330040000000004,146.6664,-9.744471,0.1880942,-0.4989736,-0.3902541,-0.7505649,1986.6666666666667
828,-44.33141,206.41699999999997,7.546568,0.1893472,-0.638136,-0.2098759,-0.7161579,-66.94252,153.0384,1.465106,0.08645225,-0.08493388,0.5988124,-0.7916667,-42.37708,146.8941,-9.611279,0.1911372,-0.5018631,-0.3791672,-0.7535466,2000.0
829,-44.31236,206.2471,7.615476999999999,0.1916737,-0.6375083,-0.2130727,-0.7151534,-67.0548,152.3401,1.681873,0.09162854,-0.08444429,0.5968516,-0.7926169,-42.482189999999996,147.08950000000002,-9.471267,0.1947787,-0.5037147,-0.3689739,-0.7564331,2013.3333333333335
830,-44.34469,206.1069,7.697128999999999,0.1944233,-0.6366204,-0.2165036,-0.7141711,-67.19476,151.6301,1.938474,0.09651884,-0.08499774,0.592209,-0.7954545,-42.64458,147.2438,-9.329706,0.199247,-0.504707,-0.3603391,-0.7587668,2026.6666666666667
831,-44.44597,206.0076,7.776332,0.196645,-0.6358258,-0.219494,-0.7133574,-67.35958,150.9109,2.227706,0.1013809,-0.08806209,0.5866281,-0.7986454,-42.861270000000005,147.3739,-9.17387,0.202064,-0.5058438,-0.3541173,-0.7601928,2040.0
832,-44.5364,205.92190000000002,7.874250000000001,0.1985498,-0.6352767,-0.2224893,-0.7123903,-67.53335,150.1972,2.559447,0.1069997,-0.09382139,0.5808152,-0.8015001,-43.13575,147.515,-9.015256,0.2030334,-0.5063989,-0.3480951,-0.7623433,2053.3333333333335
833,-44.63356,205.80630000000002,7.962829,0.1998898,-0.6348345,-0.2253695,-0.7115039,-67.71735,149.4923,2.931574,0.1140584,-0.1000286,0.5722562,-0.8059205,-43.44284,147.6626,-8.858997,0.2063151,-0.5068376,-0.3399624,-0.7648368,2066.666666666667
834,-44.75646,205.6831,8.081388,0.201229,-0.6342449,-0.2280989,-0.7107821,-67.91176,148.7998,3.317437,0.1209483,-0.1073464,0.5627329,-0.8106663,-43.77877,147.8223,-8.686107,0.21036,-0.5079307,-0.3322784,-0.7663851,2080.0
835,-44.88733,205.5573,8.202772999999999,0.2025123,-0.6338288,-0.2302016,-0.7101106,-68.14961000000001,148.1388,3.757837,0.1264092,-0.1219288,0.550868,-0.8159034,-44.18674,147.97400000000002,-8.478582,0.2131679,-0.5120488,-0.325588,-0.76574,2093.3333333333335
836,-44.989059999999995,205.43529999999998,8.330518000000001,0.204343,-0.6330017,-0.2320235,-0.7097309,-68.40948999999999,147.5521,4.174322,0.131596,-0.1417551,0.5396734,-0.8193538,-44.66577,148.1234,-8.230001000000001,0.2139971,-0.5188379,-0.3195803,-0.7634663,2106.666666666667
837,-45.14878,205.3433,8.471161,0.2067322,-0.6321066,-0.2338533,-0.709236,-68.68296000000001,147.0567,4.586956,0.1366852,-0.1662107,0.5289716,-0.820902,-45.21741,148.25740000000002,-7.9579830000000005,0.2137406,-0.5270421,-0.3141065,-0.7601835,2120.0
838,-45.35422,205.2734,8.589369,0.2085269,-0.631582,-0.2355625,-0.708612,-69.00121,146.6442,4.995632,0.1412537,-0.1948385,0.5166788,-0.8216619,-45.83148,148.3676,-7.679397000000001,0.2122934,-0.5356763,-0.3105823,-0.7559903,2133.3333333333335
839,-45.541019999999996,205.1961,8.734447,0.209787,-0.6314486,-0.2375016,-0.7077112,-69.34344,146.2816,5.4178120000000005,0.1462423,-0.2255098,0.50363,-0.8210453,-46.49563,148.4547,-7.395846000000001,0.208882,-0.5442882,-0.308431,-0.7516576,2146.666666666667
840,-45.72828,205.10600000000002,8.886987,0.2110542,-0.6316669,-0.2395218,-0.7064577,-69.72681,146.0274,5.8849100000000005,0.1528464,-0.2590358,0.4883069,-0.8192037,-47.19014,148.5181,-7.127996,0.2057573,-0.5509657,-0.3068043,-0.7483127,2160.0
841,-45.92121,205.01770000000002,9.038794,0.2126473,-0.631718,-0.2412927,-0.7053307,-70.11331,145.8515,6.413539999999999,0.1604816,-0.292083,0.471383,-0.8165361,-47.97881,148.5485,-6.884360000000001,0.2047533,-0.5559885,-0.3048013,-0.745687,2173.3333333333335
842,-46.12296,204.9289,9.198886,0.2149296,-0.6312774,-0.2422179,-0.704716,-70.45637,145.7457,6.9722290000000005,0.1668308,-0.3250581,0.4557393,-0.8116689,-48.809760000000004,148.5674,-6.651065000000001,0.2070196,-0.5602983,-0.2993273,-0.744051,2186.666666666667
843,-46.35429,204.8887,9.33882,0.2173537,-0.6303152,-0.2429183,-0.7045926,-70.7337,145.701,7.545923999999999,0.1698222,-0.3586324,0.44078,-0.8051437,-49.687310000000004,148.60899999999998,-6.419554,0.2112719,-0.5645323,-0.2932359,-0.7420784,2200.0
844,-46.629690000000004,204.83829999999998,9.48025,0.2187024,-0.6296027,-0.2442536,-0.7043507,-70.92609,145.7285,8.120987,0.1717334,-0.392602,0.4252892,-0.7971828,-50.60711,148.6565,-6.172726,0.2129303,-0.5698868,-0.2876436,-0.7396966,2213.3333333333335
845,-46.91503,204.7774,9.647435,0.218613,-0.6294168,-0.2462474,-0.7038502,-71.03139,145.8294,8.694074,0.1730529,-0.4268321,0.4077096,-0.7884414,-51.55363,148.6915,-5.915597,0.2127236,-0.5763165,-0.2832171,-0.7364754,2226.666666666667
846,-47.139019999999995,204.6598,9.855855,0.2180899,-0.6299909,-0.2486243,-0.7026622,-71.06850999999999,145.98420000000002,9.261417,0.1731782,-0.4609572,0.3860771,-0.7800462,-52.56881,148.716,-5.633298,0.2118831,-0.5838332,-0.2807084,-0.7317426,2240.0
847,-47.351910000000004,204.5404,10.06249,0.2182724,-0.6306489,-0.2510986,-0.701134,-71.0284,146.1789,9.83052,0.1730242,-0.493626,0.3624148,-0.7713958,-53.616699999999994,148.7298,-5.347948000000001,0.2119578,-0.5911097,-0.2797037,-0.7262432,2253.3333333333335
848,-47.593239999999994,204.4481,10.2225,0.2190522,-0.6310569,-0.2533115,-0.6997261,-70.91454,146.3942,10.40747,0.1714961,-0.5224415,0.338757,-0.7634708,-54.715199999999996,148.72240000000002,-5.0651340000000005,0.2121102,-0.5988675,-0.2770256,-0.7208493,2266.666666666667
849,-47.840759999999996,204.3698,10.37008,0.2195271,-0.6312664,-0.2558806,-0.6984525,-70.72676,146.5991,10.99305,0.1682712,-0.5459438,0.3161913,-0.757399,-55.86376,148.7023,-4.795167,0.2117749,-0.6067406,-0.2732275,-0.7157961,2280.0
850,-48.10579,204.2833,10.53968,0.2194177,-0.6319482,-0.258812,-0.6967881,-70.46955,146.7853,11.58211,0.1646034,-0.5626889,0.2950366,-0.7544803,-57.05086,148.63150000000002,-4.56515,0.2122729,-0.6125315,-0.2675505,-0.7128549,2293.3333333333335
851,-48.33908,204.18970000000002,10.723230000000001,0.2191732,-0.6328434,-0.2616121,-0.6950047,-70.1558,146.9552,12.16638,0.1607153,-0.5756716,0.2763008,-0.7526159,-58.262840000000004,148.4928,-4.366156,0.2147291,-0.616461,-0.2636355,-0.7101855,2306.666666666667
852,-48.54722,204.0939,10.88368,0.2194997,-0.6336494,-0.2640351,-0.6932487,-69.80761,147.09300000000002,12.735369999999998,0.1574314,-0.5869614,0.2630441,-0.7493327,-59.4763,148.2954,-4.17994,0.2197489,-0.61781,-0.2657613,-0.7066768,2320.0
853,-48.76428,203.9978,11.00958,0.2206038,-0.6338294,-0.2661329,-0.6919303,-69.44653,147.19070000000002,13.28145,0.1565812,-0.5970361,0.2565939,-0.7437673,-60.716139999999996,148.0639,-3.987205,0.2263106,-0.6190923,-0.2676501,-0.7027602,2333.3333333333335
854,-48.98798,203.9232,11.094610000000001,0.2219433,-0.6335351,-0.2679926,-0.6910532,-69.07624999999999,147.2512,13.81027,0.1584686,-0.60481,0.2550189,-0.7376028,-61.974039999999995,147.8204,-3.7739599999999998,0.2359771,-0.6215377,-0.2668732,-0.6976994,2346.666666666667
855,-49.22047,203.845,11.153599999999999,0.2229655,-0.6325796,-0.2702823,-0.6907075,-68.69949,147.29760000000002,14.316960000000002,0.161237,-0.6105695,0.2538449,-0.732646,-63.21937,147.5977,-3.537884,0.2488836,-0.6235749,-0.2654204,-0.6919274,2360.0
856,-49.47839,203.74609999999998,11.18746,0.2234769,-0.6312023,-0.273079,-0.6907023,-68.32498,147.3565,14.802480000000001,0.1640676,-0.6157815,0.2503745,-0.7288399,-64.47809,147.4204,-3.291199,0.2599236,-0.6273673,-0.2589166,-0.6868858,2373.3333333333335
857,-49.74744,203.63750000000002,11.23613,0.2235872,-0.6293349,-0.2757326,-0.6913161,-67.96012,147.42919999999998,15.27343,0.1663751,-0.6233171,0.2463877,-0.7232484,-65.75344,147.2806,-3.0461519999999997,0.2681301,-0.6326473,-0.2487149,-0.6826453,2386.666666666667
858,-50.00277,203.49719999999996,11.28468,0.2238577,-0.6268727,-0.27783,-0.6926246,-67.61449999999999,147.5042,15.73245,0.1686542,-0.6331981,0.2407275,-0.7160072,-67.00156,147.1896,-2.82338,0.2703919,-0.6368017,-0.2379533,-0.6817258,2400.0
859,-50.27184,203.37,11.318340000000001,0.2244169,-0.6239799,-0.2794262,-0.6944115,-67.28845,147.6153,16.13773,0.1709865,-0.6474203,0.2307277,-0.7059569,-68.30000000000001,147.052,-2.566299,0.26701,-0.6437378,-0.2356722,-0.6773226,2413.3333333333335
860,-50.50346999999999,203.24399999999997,11.3427,0.2249142,-0.6211429,-0.2814197,-0.6959872,-66.95405,147.75050000000002,16.535069999999997,0.1721878,-0.6635593,0.2180012,-0.6946336,-69.62443999999999,146.8753,-2.2626910000000002,0.2477509,-0.6519408,-0.2500599,-0.671612,2426.666666666667
861,-50.717330000000004,203.09629999999999,11.3619,0.2255595,-0.6187325,-0.2845739,-0.6966425,-66.61263,147.91140000000001,16.90844,0.1720642,-0.6787794,0.2039767,-0.6841388,-70.92591999999999,146.6232,-1.9336969999999998,0.2220645,-0.659487,-0.2706892,-0.6652005,2440.0
862,-50.9593,202.9622,11.398909999999999,0.2258164,-0.6172587,-0.2889915,-0.6960479,-66.26182,148.07,17.26374,0.1700284,-0.6898462,0.1890586,-0.6778344,-72.20365,146.2748,-1.604879,0.2068323,-0.6631165,-0.2884193,-0.6590229,2453.3333333333335
863,-51.221700000000006,202.8381,11.48239,0.2257003,-0.6170834,-0.2934673,-0.6943662,-65.90484,148.21020000000001,17.60068,0.1685324,-0.6982371,0.1753515,-0.6732858,-73.48696,145.8555,-1.2950329999999999,0.2059209,-0.6642437,-0.2962852,-0.6546694,2466.666666666667
864,-51.49614999999999,202.7198,11.54888,0.2259056,-0.6176935,-0.296789,-0.6923423,-65.57113,148.3249,17.92852,0.1690277,-0.7060988,0.1631639,-0.6680058,-74.7449,145.41910000000001,-1.0024220000000001,0.2211863,-0.6642496,-0.294898,-0.6502954,2480.0
865,-51.79236,202.6415,11.58437,0.22661,-0.6191002,-0.2984716,-0.6901287,-65.24167,148.4282,18.25134,0.170076,-0.7147702,0.1522698,-0.6610534,-75.98022,144.9821,-0.7065475,0.2472061,-0.6653391,-0.2845444,-0.644397,2493.3333333333335
866,-52.08817,202.57670000000002,11.59835,0.2275609,-0.6208495,-0.298896,-0.6880575,-64.92922,148.5482,18.556449999999998,0.1709304,-0.7244039,0.143481,-0.6522539,-77.21157,144.5762,-0.4128426,0.2731867,-0.6676639,-0.2718243,-0.6369501,2506.666666666667
867,-52.35782,202.5189,11.5854,0.2285051,-0.6228914,-0.2984591,-0.6860859,-64.61827,148.6821,18.85035,0.1699106,-0.7347986,0.1352988,-0.6425697,-78.44386,144.2082,-0.169611,0.2890571,-0.6700253,-0.2612766,-0.6318596,2520.0
868,-52.60355,202.4636,11.54036,0.2294975,-0.6246859,-0.2978303,-0.6843942,-64.29448,148.7936,19.13438,0.1677027,-0.7419003,0.127116,-0.6366328,-79.68296000000001,143.8159,0.01605451,0.2920366,-0.6725919,-0.255973,-0.6299307,2533.3333333333335
869,-52.83566,202.3959,11.47925,0.2304183,-0.6265416,-0.2974212,-0.682564,-63.96657,148.9001,19.37446,0.162958,-0.7450578,0.1212216,-0.6353258,-80.91196000000001,143.3288,0.1533836,0.2851198,-0.6734426,-0.2622744,-0.6295981,2546.666666666667
870,-53.088519999999995,202.31189999999998,11.40324,0.2310067,-0.6283693,-0.2976717,-0.6805729,-63.634919999999994,148.9738,19.58954,0.1599273,-0.7449567,0.1164624,-0.6371022,-82.10338,142.7618,0.2694517,0.2809429,-0.6696413,-0.2767617,-0.6293288,2560.0
871,-53.33452,202.2271,11.335389999999999,0.2311772,-0.6304532,-0.2990283,-0.6779882,-63.306070000000005,149.03640000000001,19.787969999999998,0.1590768,-0.7472395,0.1126229,-0.6353296,-83.22935,142.0944,0.3300428,0.2851546,-0.6601074,-0.2935095,-0.6299186,2573.3333333333335
872,-53.612300000000005,202.1267,11.2983,0.2314461,-0.6325442,-0.300755,-0.6751792,-63.01732,149.07,19.97949,0.1600736,-0.7515401,0.1044684,-0.6313877,-84.30891,141.4399,0.40027500000000005,0.2984814,-0.6519059,-0.2996651,-0.6293873,2586.666666666667
873,-53.88744,202.0276,11.29317,0.2321142,-0.6342123,-0.3022734,-0.6727024,-62.768080000000005,149.0712,20.16465,0.161182,-0.7583256,0.09570001,-0.624343,-85.34069,140.84019999999998,0.5059808,0.3137934,-0.6489716,-0.2973435,-0.6260643,2600.0
874,-54.21791,201.9535,11.24303,0.2330431,-0.6358595,-0.3031455,-0.67043,-62.54526,149.0333,20.33811,0.1629952,-0.7647514,0.09027317,-0.6167971,-86.33596,140.2765,0.657776,0.3263278,-0.6509144,-0.2938327,-0.61926,2613.3333333333335
875,-54.50182,201.8729,11.18363,0.2332765,-0.6375684,-0.3037283,-0.6684592,-62.33497,148.9757,20.49154,0.1652799,-0.7702332,0.08907257,-0.6094993,-87.27231,139.7547,0.8297563000000001,0.3390605,-0.6536493,-0.2918615,-0.6104076,2626.666666666667
876,-54.76253,201.7763,11.121300000000002,0.2335623,-0.6391289,-0.3045989,-0.6664701,-62.14006,148.9058,20.61854,0.1669387,-0.7747733,0.08746145,-0.6034966,-88.19879,139.2586,0.943017,0.3522191,-0.6522889,-0.2869157,-0.6067457,2640.0
877,-55.03924,201.64759999999998,11.06818,0.2341865,-0.6405838,-0.3056567,-0.6643668,-61.94847,148.83329999999998,20.7373,0.1686722,-0.778617,0.08891621,-0.5978288,-89.06863,138.7748,0.9666889999999999,0.3680023,-0.6452563,-0.2797921,-0.6082228,2653.3333333333335
878,-55.32868,201.554,10.99737,0.2350038,-0.642031,-0.3069541,-0.6620791,-61.75617,148.75560000000002,20.84865,0.1696969,-0.7812955,0.0901645,-0.5938441,-89.90247,138.2706,0.9445488,0.3820096,-0.6350946,-0.2768246,-0.6116303,2666.666666666667
879,-55.69682,201.45719999999997,10.946359999999999,0.2357437,-0.6435116,-0.3084979,-0.6596566,-61.57106,148.6712,20.95654,0.1709934,-0.7836986,0.09155299,-0.5900812,-90.70812000000001,137.7548,0.9393245,0.390584,-0.6278598,-0.2789034,-0.6127392,2680.0
880,-56.06461,201.3418,10.88142,0.2357102,-0.6452569,-0.3099629,-0.6572727,-61.40189,148.5834,21.05101,0.1722769,-0.7864944,0.09306325,-0.5857357,-91.46197000000001,137.2594,0.9686708,0.3930351,-0.6249374,-0.2857468,-0.6110036,2693.3333333333335
881,-56.417660000000005,201.2393,10.824150000000001,0.2347015,-0.6470302,-0.3114557,-0.6551813,-61.251149999999996,148.4776,21.13634,0.173206,-0.7899306,0.09543913,-0.5804313,-92.15857,136.7906,1.028317,0.4002845,-0.6213061,-0.2903251,-0.6078342,2706.666666666667
882,-56.717510000000004,201.0962,10.80698,0.2341637,-0.6484538,-0.3124505,-0.6534905,-61.121950000000005,148.3537,21.21028,0.1746546,-0.7939286,0.0978705,-0.5741032,-92.79902,136.3321,1.102027,0.4184073,-0.6142142,-0.286149,-0.60481,2720.0
883,-57.01952,200.9516,10.775070000000001,0.2341896,-0.6495225,-0.3133422,-0.6519912,-61.02027,148.1884,21.27136,0.177992,-0.7991931,0.09506624,-0.5661905,-93.39896,135.888,1.183617,0.4394314,-0.6052365,-0.2781241,-0.6026905,2733.3333333333335
884,-57.324529999999996,200.8119,10.74006,0.2341517,-0.6506734,-0.3146361,-0.6502317,-60.94873,147.9871,21.32457,0.1817958,-0.8035256,0.08770043,-0.5600048,-93.96333,135.459,1.286146,0.4546261,-0.598539,-0.2737427,-0.6001093,2746.666666666667
885,-57.58824,200.67810000000003,10.70589,0.234301,-0.6520287,-0.3167699,-0.6477797,-60.88067,147.7597,21.36777,0.1850935,-0.8063094,0.07921429,-0.556175,-94.48894,135.0344,1.428464,0.4612072,-0.5966643,-0.2761281,-0.5958464,2760.0
886,-57.874320000000004,200.5385,10.66192,0.2346964,-0.653532,-0.3192592,-0.6448931,-60.80575,147.5344,21.39535,0.1867988,-0.8071812,0.07264842,-0.555236,-94.95736000000001,134.5927,1.6057370000000002,0.4605098,-0.5998539,-0.2860573,-0.5884534,2773.3333333333335
887,-58.173660000000005,200.4127,10.6311,0.235042,-0.6552607,-0.3216926,-0.6417964,-60.72495,147.3212,21.40146,0.1885233,-0.8066088,0.06993185,-0.5558334,-95.37480000000001,134.1178,1.786691,0.4575415,-0.602599,-0.3022477,-0.5798075,2786.666666666667
888,-58.51231,200.2921,10.604040000000001,0.235303,-0.6570544,-0.3234949,-0.6389548,-60.64337,147.1285,21.39754,0.1922431,-0.8057125,0.07232007,-0.5555536,-95.76913,133.6369,1.939136,0.4576471,-0.6020169,-0.3154649,-0.573251,2800.0
889,-58.85379,200.15679999999998,10.60401,0.2355092,-0.6591225,-0.3238259,-0.6365766,-60.55883,146.9525,21.3935,0.1976719,-0.8054366,0.07693138,-0.5534251,-96.15417000000001,133.1915,2.049595,0.4636741,-0.5973812,-0.3187222,-0.5714527,2813.3333333333335
890,-59.15043,200.0076,10.58828,0.2353903,-0.6613755,-0.3231538,-0.6346223,-60.48399,146.77929999999998,21.39706,0.2047228,-0.8060241,0.08503135,-0.5488018,-96.53981,132.7957,2.1217819999999996,0.4740902,-0.5895789,-0.3136892,-0.5737895,2826.666666666667
891,-59.41136,199.826,10.54417,0.235059,-0.6639329,-0.3223784,-0.6324655,-60.416689999999996,146.6225,21.40852,0.2112883,-0.8074954,0.08971969,-0.5433773,-96.93784,132.4291,2.1864149999999998,0.4875423,-0.5807249,-0.3054622,-0.575981,2840.0
892,-59.584360000000004,199.67600000000002,10.50023,0.2351758,-0.666217,-0.3226821,-0.62986,-60.353880000000004,146.4751,21.41597,0.216182,-0.8093398,0.09051985,-0.5385541,-97.32538,132.1,2.269807,0.4979695,-0.5750625,-0.2982614,-0.5765151,2853.3333333333335
893,-59.79657,199.5053,10.46246,0.2364438,-0.6679813,-0.3238644,-0.6269028,-60.30667,146.3609,21.42042,0.2174579,-0.8118836,0.08675271,-0.5348188,-97.68285,131.79410000000001,2.376902,0.5022146,-0.5740448,-0.2977352,-0.5741139,2866.666666666667
894,-60.06117,199.3624,10.42452,0.2377748,-0.6695423,-0.3251453,-0.6240649,-60.26173,146.2868,21.41828,0.2153329,-0.8154919,0.08040757,-0.5311677,-98.00814,131.48899999999998,2.497709,0.5019795,-0.5753459,-0.3032093,-0.5701385,2880.0
895,-60.368730000000006,199.213,10.3954,0.2387712,-0.6709843,-0.3258767,-0.6217498,-60.21346,146.2343,21.41374,0.2115131,-0.8189542,0.07280044,-0.5284661,-98.31779,131.1763,2.60765,0.5000157,-0.5754875,-0.3107868,-0.5676355,2893.3333333333335
896,-60.708549999999995,199.0385,10.35985,0.2392799,-0.67269,-0.3257142,-0.6197932,-60.163889999999995,146.18439999999998,21.40264,0.2074859,-0.821731,0.06652378,-0.526576,-98.59761,130.86679999999998,2.705115,0.4976515,-0.5752466,-0.3169107,-0.5665704,2906.666666666667
897,-60.95741,198.8168,10.31988,0.2384632,-0.6746153,-0.3242758,-0.6187687,-60.11339,146.1233,21.38207,0.2067459,-0.8232626,0.06307262,-0.5248969,-98.86891,130.5428,2.800256,0.4988205,-0.5734438,-0.3190788,-0.5661528,2920.0
898,-61.02452,198.6227,10.26241,0.2385328,-0.6757817,-0.3239535,-0.617637,-60.06446,146.0633,21.35233,0.2091829,-0.8238731,0.06090393,-0.5232268,-99.13446,130.1987,2.892989,0.5031934,-0.5707701,-0.3192756,-0.5648726,2933.3333333333335
899,-61.12244,198.41930000000002,10.20305,0.2401275,-0.6760547,-0.3254339,-0.6159397,-60.022439999999996,146.00230000000002,21.32094,0.2114299,-0.8255505,0.06064305,-0.519698,-99.37035,129.834,2.970505,0.5086671,-0.5676347,-0.3191265,-0.5632113,2946.666666666667
900,-61.28542,198.2382,10.14702,0.242094,-0.6760885,-0.3277665,-0.6138926,-59.97964,145.9435,21.29116,0.2121174,-0.8287752,0.06221287,-0.5140694,-99.59773,129.4669,3.033143,0.514432,-0.5639423,-0.3202076,-0.5610668,2960.0
901,-61.48925,198.0679,10.12184,0.2440353,-0.6759505,-0.3305084,-0.6118022,-59.9202,145.9112,21.26077,0.2108089,-0.8331454,0.06661779,-0.5069423,-99.79603,129.1339,3.0734660000000003,0.5182953,-0.5599727,-0.3211685,-0.560938,2973.3333333333335
902,-61.74617,197.9132,10.10225,0.2458154,-0.6757411,-0.3321902,-0.6104084,-59.82151,145.96769999999998,21.229020000000002,0.2035677,-0.8396306,0.07699683,-0.4976466,-99.95574,128.8268,3.105009,0.5215983,-0.5556569,-0.3247846,-0.5600853,2986.666666666667
